Workbook

Sheet Tổng hợp
B1: TỔNG HỢP ĐỀ XUẤT PHÂN CÔNG NHIỆM VỤ
B2: NĂM HỌC: 2026 - 2027
A4: TỔ | B4: STT | C4: GIÁO VIÊN | D4: CN | E4: KHỐI 12 | K4: KHỐI 11 | P4: KHỐI 10 | U4: SỐ TIẾT DẠY | V4: SỐ TIẾT CHỦ NHIỆM | W4: CHỨC VỤ | Y4: SỐ TIẾT CHÍNH QUYỀN - ĐOÀN THỂ | Z4: TỔNG SỐ TIẾT / TUẦN | AA4: SỐ TIẾT PHỤ TRỘI THEO / TUẦN | AB4: DẠY HSG, MTCT, OLYMPIC, NCKH | AE4: PHỤ ĐẠO | AH4: QUY ĐỔI CHUYÊN MÔN KHÁC | AK4: TỔNG SỐ TIẾT PHỤ TRỘI | AL4: HSG OLYMPIC NCKH MTCT | AM4: PHỤ ĐẠO | AN4: THAO GIẢNG GVG GVCNG | AO4: RA ĐỀ KIỂM TRA HỌC KỲ 1 | AP4: RA ĐỀ KIỂM TRA HỌC KỲ 2 | AQ4: LẬP KHGD | AR4: XÂY DỰNG KẾ HOẠCH NGOẠI KHÓA | AS4: PHỤ TRÁCH HOẠT ĐỘNG CLB | AT4: THỰC HIỆN HỌC LIỆU SỐ | AU4: THỰC HIỆN NHIỆM VỤ KHÁC | AV4: GHI CHÚ | AW4: TIẾT TNHN THỰC TẾ
E5: SL | F5: CN | G5: CĐ | H5: ÔN TN | I5: TNHN | J5: GDĐP | K5: SL | L5: CN | M5: CĐ | N5: TNHN | O5: GDĐP | P5: SL | Q5: CN | R5: CĐ | S5: TNHN | T5: GDĐP | W5: CHÍNH QUYỀN | X5: ĐOÀN THỂ | AB5: SỐ TIẾT/TUẦN | AC5: SỐ TUẦN | AD5: TỔNG SỐ | AE5: SỐ TIẾT/TUẦN | AF5: SỐ TUẦN | AG5: TỔNG SỐ | AH5: SỐ TIẾT/TUẦN | AI5: SỐ TUẦN | AJ5: TỔNG SỐ | AW5: K12 | AX5: K11 | AY5: K10
A6: TIẾNG ANH | B6: 1 | C6: NGUYỄN VĂN HÙNG | E6: 3 | H6: 2 | P6: 2 | U6: =E6*'Phân tiết'!$M$7+G6*('Phân tiết'!$M$21/3)+H6*'Phân tiết'!$L$26+AW6+J6*'Phân tiết'!$M$20+K6*'Phân tiết'!$I$7+M6*('Phân tiết'!$I$21/3)+AX6+O6*'Phân tiết'!$I$20+P6*'Phân tiết'!$E$7+R6*('Phân tiết'!$E$21/3)+AY6+T6*'Phân tiết'!$E$20 -> 19 | V6: =F6*4+L6*4+Q6*4 -> 0 | W6: TTCM | Y6: 3 | Z6: =SUM(U6:Y6) -> 22 | AA6: =Z6-17 -> 5 | AD6: =AB6*AC6*1.5 -> 0 | AG6: =AE6*AF6*1.5 -> 0 | AJ6: =AH6*AI6 -> 0 | AK6: =AA6*33+AD6+AG6+AJ6 -> 165 | AO6: X | AP6: X | AQ6: X | AR6: X | AS6: X | AT6: X | AW6: =IF(I6="",0,IF(MAP_TNHN!B6="",I6*3,I6*3-2*(IF(ISNUMBER(SEARCH(MAP_TNHN!B6&" (1 tiết)",'PL12'!$S$5)),1,0)+IF(ISNUMBER(SEARCH(MAP_TNHN!B6&" (1 tiết)",'PL12'!$S$6)),1,0)+IF(ISNUMBER(SEARCH(MAP_TNHN!B6&" (1 tiết)",'PL12'!$S$7)),1,0)+IF(ISNUMBER(SEARCH(MAP_TNHN!B6&" (1 tiết)",'PL12'!$S$8)),1,0)+IF(ISNUMBER(SEARCH(MAP_TNHN!B6&" (1 tiết)",'PL12'!$S$9)),1,0)+IF(ISNUMBER(SEARCH(MAP_TNHN!B6&" (1 tiết)",'PL12'!$S$10)),1,0)+IF(ISNUMBER(SEARCH(MAP_TNHN!B6&" (1 tiết)",'PL12'!$S$11)),1,0)+IF(ISNUMBER(SEARCH(MAP_TNHN!B6&" (1 tiết)",'PL12'!$S$12)),1,0)+IF(ISNUMBER(SEARCH(MAP_TNHN!B6&" (1 tiết)",'PL12'!$S$13)),1,0)+IF(ISNUMBER(SEARCH(MAP_TNHN!B6&" (1 tiết)",'PL12'!$S$14)),1,0)+IF(ISNUMBER(SEARCH(MAP_TNHN!B6&" (1 tiết)",'PL12'!$S$15)),1,0)+IF(ISNUMBER(SEARCH(MAP_TNHN!B6&" (1 tiết)",'PL12'!$S$16)),1,0)+IF(ISNUMBER(SEARCH(MAP_TNHN!B6&" (1 tiết)",'PL12'!$S$17)),1,0)+IF(ISNUMBER(SEARCH(MAP_TNHN!B6&" (1 tiết)",'PL12'!$S$18)),1,0)+IF(ISNUMBER(SEARCH(MAP_TNHN!B6&" (1 tiết)",'PL12'!$S$19)),1,0))-(IF(ISNUMBER(SEARCH(MAP_TNHN!B6&" (2 tiết)",'PL12'!$S$5)),1,0)+IF(ISNUMBER(SEARCH(MAP_TNHN!B6&" (2 tiết)",'PL12'!$S$6)),1,0)+IF(ISNUMBER(SEARCH(MAP_TNHN!B6&" (2 tiết)",'PL12'!$S$7)),1,0)+IF(ISNUMBER(SEARCH(MAP_TNHN!B6&" (2 tiết)",'PL12'!$S$8)),1,0)+IF(ISNUMBER(SEARCH(MAP_TNHN!B6&" (2 tiết)",'PL12'!$S$9)),1,0)+IF(ISNUMBER(SEARCH(MAP_TNHN!B6&" (2 tiết)",'PL12'!$S$10)),1,0)+IF(ISNUMBER(SEARCH(MAP_TNHN!B6&" (2 tiết)",'PL12'!$S$11)),1,0)+IF(ISNUMBER(SEARCH(MAP_TNHN!B6&" (2 tiết)",'PL12'!$S$12)),1,0)+IF(ISNUMBER(SEARCH(MAP_TNHN!B6&" (2 tiết)",'PL12'!$S$13)),1,0)+IF(ISNUMBER(SEARCH(MAP_TNHN!B6&" (2 tiết)",'PL12'!$S$14)),1,0)+IF(ISNUMBER(SEARCH(MAP_TNHN!B6&" (2 tiết)",'PL12'!$S$15)),1,0)+IF(ISNUMBER(SEARCH(MAP_TNHN!B6&" (2 tiết)",'PL12'!$S$16)),1,0)+IF(ISNUMBER(SEARCH(MAP_TNHN!B6&" (2 tiết)",'PL12'!$S$17)),1,0)+IF(ISNUMBER(SEARCH(MAP_TNHN!B6&" (2 tiết)",'PL12'!$S$18)),1,0)+IF(ISNUMBER(SEARCH(MAP_TNHN!B6&" (2 tiết)",'PL12'!$S$19)),1,0)))) -> 0 | AX6: =IF(N6="",0,IF(MAP_TNHN!C6="",N6*3,N6*3-2*(IF(ISNUMBER(SEARCH(MAP_TNHN!C6&" (1 tiết)",'PL11'!$S$5)),1,0)+IF(ISNUMBER(SEARCH(MAP_TNHN!C6&" (1 tiết)",'PL11'!$S$6)),1,0)+IF(ISNUMBER(SEARCH(MAP_TNHN!C6&" (1 tiết)",'PL11'!$S$7)),1,0)+IF(ISNUMBER(SEARCH(MAP_TNHN!C6&" (1 tiết)",'PL11'!$S$8)),1,0)+IF(ISNUMBER(SEARCH(MAP_TNHN!C6&" (1 tiết)",'PL11'!$S$9)),1,0)+IF(ISNUMBER(SEARCH(MAP_TNHN!C6&" (1 tiết)",'PL11'!$S$10)),1,0)+IF(ISNUMBER(SEARCH(MAP_TNHN!C6&" (1 tiết)",'PL11'!$S$11)),1,0)+IF(ISNUMBER(SEARCH(MAP_TNHN!C6&" (1 tiết)",'PL11'!$S$12)),1,0)+IF(ISNUMBER(SEARCH(MAP_TNHN!C6&" (1 tiết)",'PL11'!$S$13)),1,0)+IF(ISNUMBER(SEARCH(MAP_TNHN!C6&" (1 tiết)",'PL11'!$S$14)),1,0)+IF(ISNUMBER(SEARCH(MAP_TNHN!C6&" (1 tiết)",'PL11'!$S$15)),1,0)+IF(ISNUMBER(SEARCH(MAP_TNHN!C6&" (1 tiết)",'PL11'!$S$16)),1,0)+IF(ISNUMBER(SEARCH(MAP_TNHN!C6&" (1 tiết)",'PL11'!$S$17)),1,0)+IF(ISNUMBER(SEARCH(MAP_TNHN!C6&" (1 tiết)",'PL11'!$S$18)),1,0))-(IF(ISNUMBER(SEARCH(MAP_TNHN!C6&" (2 tiết)",'PL11'!$S$5)),1,0)+IF(ISNUMBER(SEARCH(MAP_TNHN!C6&" (2 tiết)",'PL11'!$S$6)),1,0)+IF(ISNUMBER(SEARCH(MAP_TNHN!C6&" (2 tiết)",'PL11'!$S$7)),1,0)+IF(ISNUMBER(SEARCH(MAP_TNHN!C6&" (2 tiết)",'PL11'!$S$8)),1,0)+IF(ISNUMBER(SEARCH(MAP_TNHN!C6&" (2 tiết)",'PL11'!$S$9)),1,0)+IF(ISNUMBER(SEARCH(MAP_TNHN!C6&" (2 tiết)",'PL11'!$S$10)),1,0)+IF(ISNUMBER(SEARCH(MAP_TNHN!C6&" (2 tiết)",'PL11'!$S$11)),1,0)+IF(ISNUMBER(SEARCH(MAP_TNHN!C6&" (2 tiết)",'PL11'!$S$12)),1,0)+IF(ISNUMBER(SEARCH(MAP_TNHN!C6&" (2 tiết)",'PL11'!$S$13)),1,0)+IF(ISNUMBER(SEARCH(MAP_TNHN!C6&" (2 tiết)",'PL11'!$S$14)),1,0)+IF(ISNUMBER(SEARCH(MAP_TNHN!C6&" (2 tiết)",'PL11'!$S$15)),1,0)+IF(ISNUMBER(SEARCH(MAP_TNHN!C6&" (2 tiết)",'PL11'!$S$16)),1,0)+IF(ISNUMBER(SEARCH(MAP_TNHN!C6&" (2 tiết)",'PL11'!$S$17)),1,0)+IF(ISNUMBER(SEARCH(MAP_TNHN!C6&" (2 tiết)",'PL11'!$S$18)),1,0)))) -> 0 | AY6: =IF(S6="",0,IF(MAP_TNHN!D6="",S6*3,S6*3-2*(IF(ISNUMBER(SEARCH(MAP_TNHN!D6&" (1 tiết)",'PL10'!$S$5)),1,0)+IF(ISNUMBER(SEARCH(MAP_TNHN!D6&" (1 tiết)",'PL10'!$S$6)),1,0)+IF(ISNUMBER(SEARCH(MAP_TNHN!D6&" (1 tiết)",'PL10'!$S$7)),1,0)+IF(ISNUMBER(SEARCH(MAP_TNHN!D6&" (1 tiết)",'PL10'!$S$8)),1,0)+IF(ISNUMBER(SEARCH(MAP_TNHN!D6&" (1 tiết)",'PL10'!$S$9)),1,0)+IF(ISNUMBER(SEARCH(MAP_TNHN!D6&" (1 tiết)",'PL10'!$S$10)),1,0)+IF(ISNUMBER(SEARCH(MAP_TNHN!D6&" (1 tiết)",'PL10'!$S$11)),1,0)+IF(ISNUMBER(SEARCH(MAP_TNHN!D6&" (1 tiết)",'PL10'!$S$12)),1,0)+IF(ISNUMBER(SEARCH(MAP_TNHN!D6&" (1 tiết)",'PL10'!$S$13)),1,0)+IF(ISNUMBER(SEARCH(MAP_TNHN!D6&" (1 tiết)",'PL10'!$S$14)),1,0)+IF(ISNUMBER(SEARCH(MAP_TNHN!D6&" (1 tiết)",'PL10'!$S$15)),1,0)+IF(ISNUMBER(SEARCH(MAP_TNHN!D6&" (1 tiết)",'PL10'!$S$16)),1,0)+IF(ISNUMBER(SEARCH(MAP_TNHN!D6&" (1 tiết)",'PL10'!$S$17)),1,0)+IF(ISNUMBER(SEARCH(MAP_TNHN!D6&" (1 tiết)",'PL10'!$S$18)),1,0)+IF(ISNUMBER(SEARCH(MAP_TNHN!D6&" (1 tiết)",'PL10'!$S$19)),1,0)+IF(ISNUMBER(SEARCH(MAP_TNHN!D6&" (1 tiết)",'PL10'!$S$20)),1,0)+IF(ISNUMBER(SEARCH(MAP_TNHN!D6&" (1 tiết)",'PL10'!$S$21)),1,0)+IF(ISNUMBER(SEARCH(MAP_TNHN!D6&" (1 tiết)",'PL10'!$S$22)),1,0)+IF(ISNUMBER(SEARCH(MAP_TNHN!D6&" (1 tiết)",'PL10'!$S$23)),1,0)+IF(ISNUMBER(SEARCH(MAP_TNHN!D6&" (1 tiết)",'PL10'!$S$24)),1,0)+IF(ISNUMBER(SEARCH(MAP_TNHN!D6&" (1 tiết)",'PL10'!$S$25)),1,0))-(IF(ISNUMBER(SEARCH(MAP_TNHN!D6&" (2 tiết)",'PL10'!$S$5)),1,0)+IF(ISNUMBER(SEARCH(MAP_TNHN!D6&" (2 tiết)",'PL10'!$S$6)),1,0)+IF(ISNUMBER(SEARCH(MAP_TNHN!D6&" (2 tiết)",'PL10'!$S$7)),1,0)+IF(ISNUMBER(SEARCH(MAP_TNHN!D6&" (2 tiết)",'PL10'!$S$8)),1,0)+IF(ISNUMBER(SEARCH(MAP_TNHN!D6&" (2 tiết)",'PL10'!$S$9)),1,0)+IF(ISNUMBER(SEARCH(MAP_TNHN!D6&" (2 tiết)",'PL10'!$S$10)),1,0)+IF(ISNUMBER(SEARCH(MAP_TNHN!D6&" (2 tiết)",'PL10'!$S$11)),1,0)+IF(ISNUMBER(SEARCH(MAP_TNHN!D6&" (2 tiết)",'PL10'!$S$12)),1,0)+IF(ISNUMBER(SEARCH(MAP_TNHN!D6&" (2 tiết)",'PL10'!$S$13)),1,0)+IF(ISNUMBER(SEARCH(MAP_TNHN!D6&" (2 tiết)",'PL10'!$S$14)),1,0)+IF(ISNUMBER(SEARCH(MAP_TNHN!D6&" (2 tiết)",'PL10'!$S$15)),1,0)+IF(ISNUMBER(SEARCH(MAP_TNHN!D6&" (2 tiết)",'PL10'!$S$16)),1,0)+IF(ISNUMBER(SEARCH(MAP_TNHN!D6&" (2 tiết)",'PL10'!$S$17)),1,0)+IF(ISNUMBER(SEARCH(MAP_TNHN!D6&" (2 tiết)",'PL10'!$S$18)),1,0)+IF(ISNUMBER(SEARCH(MAP_TNHN!D6&" (2 tiết)",'PL10'!$S$19)),1,0)+IF(ISNUMBER(SEARCH(MAP_TNHN!D6&" (2 tiết)",'PL10'!$S$20)),1,0)+IF(ISNUMBER(SEARCH(MAP_TNHN!D6&" (2 tiết)",'PL10'!$S$21)),1,0)+IF(ISNUMBER(SEARCH(MAP_TNHN!D6&" (2 tiết)",'PL10'!$S$22)),1,0)+IF(ISNUMBER(SEARCH(MAP_TNHN!D6&" (2 tiết)",'PL10'!$S$23)),1,0)+IF(ISNUMBER(SEARCH(MAP_TNHN!D6&" (2 tiết)",'PL10'!$S$24)),1,0)+IF(ISNUMBER(SEARCH(MAP_TNHN!D6&" (2 tiết)",'PL10'!$S$25)),1,0)))) -> 0
B7: 2 | C7: NGUYỄN MINH THANH TÙNG | D7: 10 | E7: 2 | H7: 1 | P7: 3 | Q7: 1 | S7: 1 | U7: =E7*'Phân tiết'!$M$7+G7*('Phân tiết'!$M$21/3)+H7*'Phân tiết'!$L$26+AW7+J7*'Phân tiết'!$M$20+K7*'Phân tiết'!$I$7+M7*('Phân tiết'!$I$21/3)+AX7+O7*'Phân tiết'!$I$20+P7*'Phân tiết'!$E$7+R7*('Phân tiết'!$E$21/3)+AY7+T7*'Phân tiết'!$E$20 -> 18 | V7: =F7*4+L7*4+Q7*4 -> 4 | Z7: =SUM(U7:Y7) -> 22 | AA7: =Z7-17 -> 5 | AB7: 2 | AC7: 8 | AD7: =AB7*AC7*1.5 -> 24 | AG7: =AE7*AF7*1.5 -> 0 | AJ7: =AH7*AI7 -> 0 | AK7: =AA7*33+AD7+AG7+AJ7 -> 189 | AL7: Olympic 11 | AN7: X | AO7: X | AP7: X | AT7: X | AW7: =IF(I7="",0,IF(MAP_TNHN!B7="",I7*3,I7*3-2*(IF(ISNUMBER(SEARCH(MAP_TNHN!B7&" (1 tiết)",'PL12'!$S$5)),1,0)+IF(ISNUMBER(SEARCH(MAP_TNHN!B7&" (1 tiết)",'PL12'!$S$6)),1,0)+IF(ISNUMBER(SEARCH(MAP_TNHN!B7&" (1 tiết)",'PL12'!$S$7)),1,0)+IF(ISNUMBER(SEARCH(MAP_TNHN!B7&" (1 tiết)",'PL12'!$S$8)),1,0)+IF(ISNUMBER(SEARCH(MAP_TNHN!B7&" (1 tiết)",'PL12'!$S$9)),1,0)+IF(ISNUMBER(SEARCH(MAP_TNHN!B7&" (1 tiết)",'PL12'!$S$10)),1,0)+IF(ISNUMBER(SEARCH(MAP_TNHN!B7&" (1 tiết)",'PL12'!$S$11)),1,0)+IF(ISNUMBER(SEARCH(MAP_TNHN!B7&" (1 tiết)",'PL12'!$S$12)),1,0)+IF(ISNUMBER(SEARCH(MAP_TNHN!B7&" (1 tiết)",'PL12'!$S$13)),1,0)+IF(ISNUMBER(SEARCH(MAP_TNHN!B7&" (1 tiết)",'PL12'!$S$14)),1,0)+IF(ISNUMBER(SEARCH(MAP_TNHN!B7&" (1 tiết)",'PL12'!$S$15)),1,0)+IF(ISNUMBER(SEARCH(MAP_TNHN!B7&" (1 tiết)",'PL12'!$S$16)),1,0)+IF(ISNUMBER(SEARCH(MAP_TNHN!B7&" (1 tiết)",'PL12'!$S$17)),1,0)+IF(ISNUMBER(SEARCH(MAP_TNHN!B7&" (1 tiết)",'PL12'!$S$18)),1,0)+IF(ISNUMBER(SEARCH(MAP_TNHN!B7&" (1 tiết)",'PL12'!$S$19)),1,0))-(IF(ISNUMBER(SEARCH(MAP_TNHN!B7&" (2 tiết)",'PL12'!$S$5)),1,0)+IF(ISNUMBER(SEARCH(MAP_TNHN!B7&" (2 tiết)",'PL12'!$S$6)),1,0)+IF(ISNUMBER(SEARCH(MAP_TNHN!B7&" (2 tiết)",'PL12'!$S$7)),1,0)+IF(ISNUMBER(SEARCH(MAP_TNHN!B7&" (2 tiết)",'PL12'!$S$8)),1,0)+IF(ISNUMBER(SEARCH(MAP_TNHN!B7&" (2 tiết)",'PL12'!$S$9)),1,0)+IF(ISNUMBER(SEARCH(MAP_TNHN!B7&" (2 tiết)",'PL12'!$S$10)),1,0)+IF(ISNUMBER(SEARCH(MAP_TNHN!B7&" (2 tiết)",'PL12'!$S$11)),1,0)+IF(ISNUMBER(SEARCH(MAP_TNHN!B7&" (2 tiết)",'PL12'!$S$12)),1,0)+IF(ISNUMBER(SEARCH(MAP_TNHN!B7&" (2 tiết)",'PL12'!$S$13)),1,0)+IF(ISNUMBER(SEARCH(MAP_TNHN!B7&" (2 tiết)",'PL12'!$S$14)),1,0)+IF(ISNUMBER(SEARCH(MAP_TNHN!B7&" (2 tiết)",'PL12'!$S$15)),1,0)+IF(ISNUMBER(SEARCH(MAP_TNHN!B7&" (2 tiết)",'PL12'!$S$16)),1,0)+IF(ISNUMBER(SEARCH(MAP_TNHN!B7&" (2 tiết)",'PL12'!$S$17)),1,0)+IF(ISNUMBER(SEARCH(MAP_TNHN!B7&" (2 tiết)",'PL12'!$S$18)),1,0)+IF(ISNUMBER(SEARCH(MAP_TNHN!B7&" (2 tiết)",'PL12'!$S$19)),1,0)))) -> 0 | AX7: =IF(N7="",0,IF(MAP_TNHN!C7="",N7*3,N7*3-2*(IF(ISNUMBER(SEARCH(MAP_TNHN!C7&" (1 tiết)",'PL11'!$S$5)),1,0)+IF(ISNUMBER(SEARCH(MAP_TNHN!C7&" (1 tiết)",'PL11'!$S$6)),1,0)+IF(ISNUMBER(SEARCH(MAP_TNHN!C7&" (1 tiết)",'PL11'!$S$7)),1,0)+IF(ISNUMBER(SEARCH(MAP_TNHN!C7&" (1 tiết)",'PL11'!$S$8)),1,0)+IF(ISNUMBER(SEARCH(MAP_TNHN!C7&" (1 tiết)",'PL11'!$S$9)),1,0)+IF(ISNUMBER(SEARCH(MAP_TNHN!C7&" (1 tiết)",'PL11'!$S$10)),1,0)+IF(ISNUMBER(SEARCH(MAP_TNHN!C7&" (1 tiết)",'PL11'!$S$11)),1,0)+IF(ISNUMBER(SEARCH(MAP_TNHN!C7&" (1 tiết)",'PL11'!$S$12)),1,0)+IF(ISNUMBER(SEARCH(MAP_TNHN!C7&" (1 tiết)",'PL11'!$S$13)),1,0)+IF(ISNUMBER(SEARCH(MAP_TNHN!C7&" (1 tiết)",'PL11'!$S$14)),1,0)+IF(ISNUMBER(SEARCH(MAP_TNHN!C7&" (1 tiết)",'PL11'!$S$15)),1,0)+IF(ISNUMBER(SEARCH(MAP_TNHN!C7&" (1 tiết)",'PL11'!$S$16)),1,0)+IF(ISNUMBER(SEARCH(MAP_TNHN!C7&" (1 tiết)",'PL11'!$S$17)),1,0)+IF(ISNUMBER(SEARCH(MAP_TNHN!C7&" (1 tiết)",'PL11'!$S$18)),1,0))-(IF(ISNUMBER(SEARCH(MAP_TNHN!C7&" (2 tiết)",'PL11'!$S$5)),1,0)+IF(ISNUMBER(SEARCH(MAP_TNHN!C7&" (2 tiết)",'PL11'!$S$6)),1,0)+IF(ISNUMBER(SEARCH(MAP_TNHN!C7&" (2 tiết)",'PL11'!$S$7)),1,0)+IF(ISNUMBER(SEARCH(MAP_TNHN!C7&" (2 tiết)",'PL11'!$S$8)),1,0)+IF(ISNUMBER(SEARCH(MAP_TNHN!C7&" (2 tiết)",'PL11'!$S$9)),1,0)+IF(ISNUMBER(SEARCH(MAP_TNHN!C7&" (2 tiết)",'PL11'!$S$10)),1,0)+IF(ISNUMBER(SEARCH(MAP_TNHN!C7&" (2 tiết)",'PL11'!$S$11)),1,0)+IF(ISNUMBER(SEARCH(MAP_TNHN!C7&" (2 tiết)",'PL11'!$S$12)),1,0)+IF(ISNUMBER(SEARCH(MAP_TNHN!C7&" (2 tiết)",'PL11'!$S$13)),1,0)+IF(ISNUMBER(SEARCH(MAP_TNHN!C7&" (2 tiết)",'PL11'!$S$14)),1,0)+IF(ISNUMBER(SEARCH(MAP_TNHN!C7&" (2 tiết)",'PL11'!$S$15)),1,0)+IF(ISNUMBER(SEARCH(MAP_TNHN!C7&" (2 tiết)",'PL11'!$S$16)),1,0)+IF(ISNUMBER(SEARCH(MAP_TNHN!C7&" (2 tiết)",'PL11'!$S$17)),1,0)+IF(ISNUMBER(SEARCH(MAP_TNHN!C7&" (2 tiết)",'PL11'!$S$18)),1,0)))) -> 0 | AY7: =IF(S7="",0,IF(MAP_TNHN!D7="",S7*3,S7*3-2*(IF(ISNUMBER(SEARCH(MAP_TNHN!D7&" (1 tiết)",'PL10'!$S$5)),1,0)+IF(ISNUMBER(SEARCH(MAP_TNHN!D7&" (1 tiết)",'PL10'!$S$6)),1,0)+IF(ISNUMBER(SEARCH(MAP_TNHN!D7&" (1 tiết)",'PL10'!$S$7)),1,0)+IF(ISNUMBER(SEARCH(MAP_TNHN!D7&" (1 tiết)",'PL10'!$S$8)),1,0)+IF(ISNUMBER(SEARCH(MAP_TNHN!D7&" (1 tiết)",'PL10'!$S$9)),1,0)+IF(ISNUMBER(SEARCH(MAP_TNHN!D7&" (1 tiết)",'PL10'!$S$10)),1,0)+IF(ISNUMBER(SEARCH(MAP_TNHN!D7&" (1 tiết)",'PL10'!$S$11)),1,0)+IF(ISNUMBER(SEARCH(MAP_TNHN!D7&" (1 tiết)",'PL10'!$S$12)),1,0)+IF(ISNUMBER(SEARCH(MAP_TNHN!D7&" (1 tiết)",'PL10'!$S$13)),1,0)+IF(ISNUMBER(SEARCH(MAP_TNHN!D7&" (1 tiết)",'PL10'!$S$14)),1,0)+IF(ISNUMBER(SEARCH(MAP_TNHN!D7&" (1 tiết)",'PL10'!$S$15)),1,0)+IF(ISNUMBER(SEARCH(MAP_TNHN!D7&" (1 tiết)",'PL10'!$S$16)),1,0)+IF(ISNUMBER(SEARCH(MAP_TNHN!D7&" (1 tiết)",'PL10'!$S$17)),1,0)+IF(ISNUMBER(SEARCH(MAP_TNHN!D7&" (1 tiết)",'PL10'!$S$18)),1,0)+IF(ISNUMBER(SEARCH(MAP_TNHN!D7&" (1 tiết)",'PL10'!$S$19)),1,0)+IF(ISNUMBER(SEARCH(MAP_TNHN!D7&" (1 tiết)",'PL10'!$S$20)),1,0)+IF(ISNUMBER(SEARCH(MAP_TNHN!D7&" (1 tiết)",'PL10'!$S$21)),1,0)+IF(ISNUMBER(SEARCH(MAP_TNHN!D7&" (1 tiết)",'PL10'!$S$22)),1,0)+IF(ISNUMBER(SEARCH(MAP_TNHN!D7&" (1 tiết)",'PL10'!$S$23)),1,0)+IF(ISNUMBER(SEARCH(MAP_TNHN!D7&" (1 tiết)",'PL10'!$S$24)),1,0)+IF(ISNUMBER(SEARCH(MAP_TNHN!D7&" (1 tiết)",'PL10'!$S$25)),1,0))-(IF(ISNUMBER(SEARCH(MAP_TNHN!D7&" (2 tiết)",'PL10'!$S$5)),1,0)+IF(ISNUMBER(SEARCH(MAP_TNHN!D7&" (2 tiết)",'PL10'!$S$6)),1,0)+IF(ISNUMBER(SEARCH(MAP_TNHN!D7&" (2 tiết)",'PL10'!$S$7)),1,0)+IF(ISNUMBER(SEARCH(MAP_TNHN!D7&" (2 tiết)",'PL10'!$S$8)),1,0)+IF(ISNUMBER(SEARCH(MAP_TNHN!D7&" (2 tiết)",'PL10'!$S$9)),1,0)+IF(ISNUMBER(SEARCH(MAP_TNHN!D7&" (2 tiết)",'PL10'!$S$10)),1,0)+IF(ISNUMBER(SEARCH(MAP_TNHN!D7&" (2 tiết)",'PL10'!$S$11)),1,0)+IF(ISNUMBER(SEARCH(MAP_TNHN!D7&" (2 tiết)",'PL10'!$S$12)),1,0)+IF(ISNUMBER(SEARCH(MAP_TNHN!D7&" (2 tiết)",'PL10'!$S$13)),1,0)+IF(ISNUMBER(SEARCH(MAP_TNHN!D7&" (2 tiết)",'PL10'!$S$14)),1,0)+IF(ISNUMBER(SEARCH(MAP_TNHN!D7&" (2 tiết)",'PL10'!$S$15)),1,0)+IF(ISNUMBER(SEARCH(MAP_TNHN!D7&" (2 tiết)",'PL10'!$S$16)),1,0)+IF(ISNUMBER(SEARCH(MAP_TNHN!D7&" (2 tiết)",'PL10'!$S$17)),1,0)+IF(ISNUMBER(SEARCH(MAP_TNHN!D7&" (2 tiết)",'PL10'!$S$18)),1,0)+IF(ISNUMBER(SEARCH(MAP_TNHN!D7&" (2 tiết)",'PL10'!$S$19)),1,0)+IF(ISNUMBER(SEARCH(MAP_TNHN!D7&" (2 tiết)",'PL10'!$S$20)),1,0)+IF(ISNUMBER(SEARCH(MAP_TNHN!D7&" (2 tiết)",'PL10'!$S$21)),1,0)+IF(ISNUMBER(SEARCH(MAP_TNHN!D7&" (2 tiết)",'PL10'!$S$22)),1,0)+IF(ISNUMBER(SEARCH(MAP_TNHN!D7&" (2 tiết)",'PL10'!$S$23)),1,0)+IF(ISNUMBER(SEARCH(MAP_TNHN!D7&" (2 tiết)",'PL10'!$S$24)),1,0)+IF(ISNUMBER(SEARCH(MAP_TNHN!D7&" (2 tiết)",'PL10'!$S$25)),1,0)))) -> 1
B8: 3 | C8: ĐOÀN VĂN CHẤT | K8: 4 | N8: 1 | P8: 2 | U8: =E8*'Phân tiết'!$M$7+G8*('Phân tiết'!$M$21/3)+H8*'Phân tiết'!$L$26+AW8+J8*'Phân tiết'!$M$20+K8*'Phân tiết'!$I$7+M8*('Phân tiết'!$I$21/3)+AX8+O8*'Phân tiết'!$I$20+P8*'Phân tiết'!$E$7+R8*('Phân tiết'!$E$21/3)+AY8+T8*'Phân tiết'!$E$20 -> 20 | V8: =F8*4+L8*4+Q8*4 -> 0 | Z8: =SUM(U8:Y8) -> 20 | AA8: =Z8-17 -> 3 | AD8: =AB8*AC8*1.5 -> 0 | AG8: =AE8*AF8*1.5 -> 0 | AJ8: =AH8*AI8 -> 0 | AK8: =AA8*33+AD8+AG8+AJ8 -> 99 | AN8: X | AO8: X | AP8: X | AT8: X | AW8: =IF(I8="",0,IF(MAP_TNHN!B8="",I8*3,I8*3-2*(IF(ISNUMBER(SEARCH(MAP_TNHN!B8&" (1 tiết)",'PL12'!$S$5)),1,0)+IF(ISNUMBER(SEARCH(MAP_TNHN!B8&" (1 tiết)",'PL12'!$S$6)),1,0)+IF(ISNUMBER(SEARCH(MAP_TNHN!B8&" (1 tiết)",'PL12'!$S$7)),1,0)+IF(ISNUMBER(SEARCH(MAP_TNHN!B8&" (1 tiết)",'PL12'!$S$8)),1,0)+IF(ISNUMBER(SEARCH(MAP_TNHN!B8&" (1 tiết)",'PL12'!$S$9)),1,0)+IF(ISNUMBER(SEARCH(MAP_TNHN!B8&" (1 tiết)",'PL12'!$S$10)),1,0)+IF(ISNUMBER(SEARCH(MAP_TNHN!B8&" (1 tiết)",'PL12'!$S$11)),1,0)+IF(ISNUMBER(SEARCH(MAP_TNHN!B8&" (1 tiết)",'PL12'!$S$12)),1,0)+IF(ISNUMBER(SEARCH(MAP_TNHN!B8&" (1 tiết)",'PL12'!$S$13)),1,0)+IF(ISNUMBER(SEARCH(MAP_TNHN!B8&" (1 tiết)",'PL12'!$S$14)),1,0)+IF(ISNUMBER(SEARCH(MAP_TNHN!B8&" (1 tiết)",'PL12'!$S$15)),1,0)+IF(ISNUMBER(SEARCH(MAP_TNHN!B8&" (1 tiết)",'PL12'!$S$16)),1,0)+IF(ISNUMBER(SEARCH(MAP_TNHN!B8&" (1 tiết)",'PL12'!$S$17)),1,0)+IF(ISNUMBER(SEARCH(MAP_TNHN!B8&" (1 tiết)",'PL12'!$S$18)),1,0)+IF(ISNUMBER(SEARCH(MAP_TNHN!B8&" (1 tiết)",'PL12'!$S$19)),1,0))-(IF(ISNUMBER(SEARCH(MAP_TNHN!B8&" (2 tiết)",'PL12'!$S$5)),1,0)+IF(ISNUMBER(SEARCH(MAP_TNHN!B8&" (2 tiết)",'PL12'!$S$6)),1,0)+IF(ISNUMBER(SEARCH(MAP_TNHN!B8&" (2 tiết)",'PL12'!$S$7)),1,0)+IF(ISNUMBER(SEARCH(MAP_TNHN!B8&" (2 tiết)",'PL12'!$S$8)),1,0)+IF(ISNUMBER(SEARCH(MAP_TNHN!B8&" (2 tiết)",'PL12'!$S$9)),1,0)+IF(ISNUMBER(SEARCH(MAP_TNHN!B8&" (2 tiết)",'PL12'!$S$10)),1,0)+IF(ISNUMBER(SEARCH(MAP_TNHN!B8&" (2 tiết)",'PL12'!$S$11)),1,0)+IF(ISNUMBER(SEARCH(MAP_TNHN!B8&" (2 tiết)",'PL12'!$S$12)),1,0)+IF(ISNUMBER(SEARCH(MAP_TNHN!B8&" (2 tiết)",'PL12'!$S$13)),1,0)+IF(ISNUMBER(SEARCH(MAP_TNHN!B8&" (2 tiết)",'PL12'!$S$14)),1,0)+IF(ISNUMBER(SEARCH(MAP_TNHN!B8&" (2 tiết)",'PL12'!$S$15)),1,0)+IF(ISNUMBER(SEARCH(MAP_TNHN!B8&" (2 tiết)",'PL12'!$S$16)),1,0)+IF(ISNUMBER(SEARCH(MAP_TNHN!B8&" (2 tiết)",'PL12'!$S$17)),1,0)+IF(ISNUMBER(SEARCH(MAP_TNHN!B8&" (2 tiết)",'PL12'!$S$18)),1,0)+IF(ISNUMBER(SEARCH(MAP_TNHN!B8&" (2 tiết)",'PL12'!$S$19)),1,0)))) -> 0 | AX8: =IF(N8="",0,IF(MAP_TNHN!C8="",N8*3,N8*3-2*(IF(ISNUMBER(SEARCH(MAP_TNHN!C8&" (1 tiết)",'PL11'!$S$5)),1,0)+IF(ISNUMBER(SEARCH(MAP_TNHN!C8&" (1 tiết)",'PL11'!$S$6)),1,0)+IF(ISNUMBER(SEARCH(MAP_TNHN!C8&" (1 tiết)",'PL11'!$S$7)),1,0)+IF(ISNUMBER(SEARCH(MAP_TNHN!C8&" (1 tiết)",'PL11'!$S$8)),1,0)+IF(ISNUMBER(SEARCH(MAP_TNHN!C8&" (1 tiết)",'PL11'!$S$9)),1,0)+IF(ISNUMBER(SEARCH(MAP_TNHN!C8&" (1 tiết)",'PL11'!$S$10)),1,0)+IF(ISNUMBER(SEARCH(MAP_TNHN!C8&" (1 tiết)",'PL11'!$S$11)),1,0)+IF(ISNUMBER(SEARCH(MAP_TNHN!C8&" (1 tiết)",'PL11'!$S$12)),1,0)+IF(ISNUMBER(SEARCH(MAP_TNHN!C8&" (1 tiết)",'PL11'!$S$13)),1,0)+IF(ISNUMBER(SEARCH(MAP_TNHN!C8&" (1 tiết)",'PL11'!$S$14)),1,0)+IF(ISNUMBER(SEARCH(MAP_TNHN!C8&" (1 tiết)",'PL11'!$S$15)),1,0)+IF(ISNUMBER(SEARCH(MAP_TNHN!C8&" (1 tiết)",'PL11'!$S$16)),1,0)+IF(ISNUMBER(SEARCH(MAP_TNHN!C8&" (1 tiết)",'PL11'!$S$17)),1,0)+IF(ISNUMBER(SEARCH(MAP_TNHN!C8&" (1 tiết)",'PL11'!$S$18)),1,0))-(IF(ISNUMBER(SEARCH(MAP_TNHN!C8&" (2 tiết)",'PL11'!$S$5)),1,0)+IF(ISNUMBER(SEARCH(MAP_TNHN!C8&" (2 tiết)",'PL11'!$S$6)),1,0)+IF(ISNUMBER(SEARCH(MAP_TNHN!C8&" (2 tiết)",'PL11'!$S$7)),1,0)+IF(ISNUMBER(SEARCH(MAP_TNHN!C8&" (2 tiết)",'PL11'!$S$8)),1,0)+IF(ISNUMBER(SEARCH(MAP_TNHN!C8&" (2 tiết)",'PL11'!$S$9)),1,0)+IF(ISNUMBER(SEARCH(MAP_TNHN!C8&" (2 tiết)",'PL11'!$S$10)),1,0)+IF(ISNUMBER(SEARCH(MAP_TNHN!C8&" (2 tiết)",'PL11'!$S$11)),1,0)+IF(ISNUMBER(SEARCH(MAP_TNHN!C8&" (2 tiết)",'PL11'!$S$12)),1,0)+IF(ISNUMBER(SEARCH(MAP_TNHN!C8&" (2 tiết)",'PL11'!$S$13)),1,0)+IF(ISNUMBER(SEARCH(MAP_TNHN!C8&" (2 tiết)",'PL11'!$S$14)),1,0)+IF(ISNUMBER(SEARCH(MAP_TNHN!C8&" (2 tiết)",'PL11'!$S$15)),1,0)+IF(ISNUMBER(SEARCH(MAP_TNHN!C8&" (2 tiết)",'PL11'!$S$16)),1,0)+IF(ISNUMBER(SEARCH(MAP_TNHN!C8&" (2 tiết)",'PL11'!$S$17)),1,0)+IF(ISNUMBER(SEARCH(MAP_TNHN!C8&" (2 tiết)",'PL11'!$S$18)),1,0)))) -> 2 | AY8: =IF(S8="",0,IF(MAP_TNHN!D8="",S8*3,S8*3-2*(IF(ISNUMBER(SEARCH(MAP_TNHN!D8&" (1 tiết)",'PL10'!$S$5)),1,0)+IF(ISNUMBER(SEARCH(MAP_TNHN!D8&" (1 tiết)",'PL10'!$S$6)),1,0)+IF(ISNUMBER(SEARCH(MAP_TNHN!D8&" (1 tiết)",'PL10'!$S$7)),1,0)+IF(ISNUMBER(SEARCH(MAP_TNHN!D8&" (1 tiết)",'PL10'!$S$8)),1,0)+IF(ISNUMBER(SEARCH(MAP_TNHN!D8&" (1 tiết)",'PL10'!$S$9)),1,0)+IF(ISNUMBER(SEARCH(MAP_TNHN!D8&" (1 tiết)",'PL10'!$S$10)),1,0)+IF(ISNUMBER(SEARCH(MAP_TNHN!D8&" (1 tiết)",'PL10'!$S$11)),1,0)+IF(ISNUMBER(SEARCH(MAP_TNHN!D8&" (1 tiết)",'PL10'!$S$12)),1,0)+IF(ISNUMBER(SEARCH(MAP_TNHN!D8&" (1 tiết)",'PL10'!$S$13)),1,0)+IF(ISNUMBER(SEARCH(MAP_TNHN!D8&" (1 tiết)",'PL10'!$S$14)),1,0)+IF(ISNUMBER(SEARCH(MAP_TNHN!D8&" (1 tiết)",'PL10'!$S$15)),1,0)+IF(ISNUMBER(SEARCH(MAP_TNHN!D8&" (1 tiết)",'PL10'!$S$16)),1,0)+IF(ISNUMBER(SEARCH(MAP_TNHN!D8&" (1 tiết)",'PL10'!$S$17)),1,0)+IF(ISNUMBER(SEARCH(MAP_TNHN!D8&" (1 tiết)",'PL10'!$S$18)),1,0)+IF(ISNUMBER(SEARCH(MAP_TNHN!D8&" (1 tiết)",'PL10'!$S$19)),1,0)+IF(ISNUMBER(SEARCH(MAP_TNHN!D8&" (1 tiết)",'PL10'!$S$20)),1,0)+IF(ISNUMBER(SEARCH(MAP_TNHN!D8&" (1 tiết)",'PL10'!$S$21)),1,0)+IF(ISNUMBER(SEARCH(MAP_TNHN!D8&" (1 tiết)",'PL10'!$S$22)),1,0)+IF(ISNUMBER(SEARCH(MAP_TNHN!D8&" (1 tiết)",'PL10'!$S$23)),1,0)+IF(ISNUMBER(SEARCH(MAP_TNHN!D8&" (1 tiết)",'PL10'!$S$24)),1,0)+IF(ISNUMBER(SEARCH(MAP_TNHN!D8&" (1 tiết)",'PL10'!$S$25)),1,0))-(IF(ISNUMBER(SEARCH(MAP_TNHN!D8&" (2 tiết)",'PL10'!$S$5)),1,0)+IF(ISNUMBER(SEARCH(MAP_TNHN!D8&" (2 tiết)",'PL10'!$S$6)),1,0)+IF(ISNUMBER(SEARCH(MAP_TNHN!D8&" (2 tiết)",'PL10'!$S$7)),1,0)+IF(ISNUMBER(SEARCH(MAP_TNHN!D8&" (2 tiết)",'PL10'!$S$8)),1,0)+IF(ISNUMBER(SEARCH(MAP_TNHN!D8&" (2 tiết)",'PL10'!$S$9)),1,0)+IF(ISNUMBER(SEARCH(MAP_TNHN!D8&" (2 tiết)",'PL10'!$S$10)),1,0)+IF(ISNUMBER(SEARCH(MAP_TNHN!D8&" (2 tiết)",'PL10'!$S$11)),1,0)+IF(ISNUMBER(SEARCH(MAP_TNHN!D8&" (2 tiết)",'PL10'!$S$12)),1,0)+IF(ISNUMBER(SEARCH(MAP_TNHN!D8&" (2 tiết)",'PL10'!$S$13)),1,0)+IF(ISNUMBER(SEARCH(MAP_TNHN!D8&" (2 tiết)",'PL10'!$S$14)),1,0)+IF(ISNUMBER(SEARCH(MAP_TNHN!D8&" (2 tiết)",'PL10'!$S$15)),1,0)+IF(ISNUMBER(SEARCH(MAP_TNHN!D8&" (2 tiết)",'PL10'!$S$16)),1,0)+IF(ISNUMBER(SEARCH(MAP_TNHN!D8&" (2 tiết)",'PL10'!$S$17)),1,0)+IF(ISNUMBER(SEARCH(MAP_TNHN!D8&" (2 tiết)",'PL10'!$S$18)),1,0)+IF(ISNUMBER(SEARCH(MAP_TNHN!D8&" (2 tiết)",'PL10'!$S$19)),1,0)+IF(ISNUMBER(SEARCH(MAP_TNHN!D8&" (2 tiết)",'PL10'!$S$20)),1,0)+IF(ISNUMBER(SEARCH(MAP_TNHN!D8&" (2 tiết)",'PL10'!$S$21)),1,0)+IF(ISNUMBER(SEARCH(MAP_TNHN!D8&" (2 tiết)",'PL10'!$S$22)),1,0)+IF(ISNUMBER(SEARCH(MAP_TNHN!D8&" (2 tiết)",'PL10'!$S$23)),1,0)+IF(ISNUMBER(SEARCH(MAP_TNHN!D8&" (2 tiết)",'PL10'!$S$24)),1,0)+IF(ISNUMBER(SEARCH(MAP_TNHN!D8&" (2 tiết)",'PL10'!$S$25)),1,0)))) -> 0
B9: 4 | C9: NGUYỄN XUÂN THU | D9: 10 | E9: 2 | K9: 1 | P9: 3 | Q9: 1 | S9: 1 | U9: =E9*'Phân tiết'!$M$7+G9*('Phân tiết'!$M$21/3)+H9*'Phân tiết'!$L$26+AW9+J9*'Phân tiết'!$M$20+K9*'Phân tiết'!$I$7+M9*('Phân tiết'!$I$21/3)+AX9+O9*'Phân tiết'!$I$20+P9*'Phân tiết'!$E$7+R9*('Phân tiết'!$E$21/3)+AY9+T9*'Phân tiết'!$E$20 -> 19 | V9: =F9*4+L9*4+Q9*4 -> 4 | W9: TPCM | Y9: 1 | Z9: =SUM(U9:Y9) -> 24 | AA9: =Z9-17 -> 7 | AD9: =AB9*AC9*1.5 -> 0 | AE9: 2 | AF9: 15 | AG9: =AE9*AF9*1.5 -> 45 | AJ9: =AH9*AI9 -> 0 | AK9: =AA9*33+AD9+AG9+AJ9 -> 276 | AM9: Khối 10 | AO9: X | AP9: X | AQ9: X | AR9: X | AT9: X | AW9: =IF(I9="",0,IF(MAP_TNHN!B9="",I9*3,I9*3-2*(IF(ISNUMBER(SEARCH(MAP_TNHN!B9&" (1 tiết)",'PL12'!$S$5)),1,0)+IF(ISNUMBER(SEARCH(MAP_TNHN!B9&" (1 tiết)",'PL12'!$S$6)),1,0)+IF(ISNUMBER(SEARCH(MAP_TNHN!B9&" (1 tiết)",'PL12'!$S$7)),1,0)+IF(ISNUMBER(SEARCH(MAP_TNHN!B9&" (1 tiết)",'PL12'!$S$8)),1,0)+IF(ISNUMBER(SEARCH(MAP_TNHN!B9&" (1 tiết)",'PL12'!$S$9)),1,0)+IF(ISNUMBER(SEARCH(MAP_TNHN!B9&" (1 tiết)",'PL12'!$S$10)),1,0)+IF(ISNUMBER(SEARCH(MAP_TNHN!B9&" (1 tiết)",'PL12'!$S$11)),1,0)+IF(ISNUMBER(SEARCH(MAP_TNHN!B9&" (1 tiết)",'PL12'!$S$12)),1,0)+IF(ISNUMBER(SEARCH(MAP_TNHN!B9&" (1 tiết)",'PL12'!$S$13)),1,0)+IF(ISNUMBER(SEARCH(MAP_TNHN!B9&" (1 tiết)",'PL12'!$S$14)),1,0)+IF(ISNUMBER(SEARCH(MAP_TNHN!B9&" (1 tiết)",'PL12'!$S$15)),1,0)+IF(ISNUMBER(SEARCH(MAP_TNHN!B9&" (1 tiết)",'PL12'!$S$16)),1,0)+IF(ISNUMBER(SEARCH(MAP_TNHN!B9&" (1 tiết)",'PL12'!$S$17)),1,0)+IF(ISNUMBER(SEARCH(MAP_TNHN!B9&" (1 tiết)",'PL12'!$S$18)),1,0)+IF(ISNUMBER(SEARCH(MAP_TNHN!B9&" (1 tiết)",'PL12'!$S$19)),1,0))-(IF(ISNUMBER(SEARCH(MAP_TNHN!B9&" (2 tiết)",'PL12'!$S$5)),1,0)+IF(ISNUMBER(SEARCH(MAP_TNHN!B9&" (2 tiết)",'PL12'!$S$6)),1,0)+IF(ISNUMBER(SEARCH(MAP_TNHN!B9&" (2 tiết)",'PL12'!$S$7)),1,0)+IF(ISNUMBER(SEARCH(MAP_TNHN!B9&" (2 tiết)",'PL12'!$S$8)),1,0)+IF(ISNUMBER(SEARCH(MAP_TNHN!B9&" (2 tiết)",'PL12'!$S$9)),1,0)+IF(ISNUMBER(SEARCH(MAP_TNHN!B9&" (2 tiết)",'PL12'!$S$10)),1,0)+IF(ISNUMBER(SEARCH(MAP_TNHN!B9&" (2 tiết)",'PL12'!$S$11)),1,0)+IF(ISNUMBER(SEARCH(MAP_TNHN!B9&" (2 tiết)",'PL12'!$S$12)),1,0)+IF(ISNUMBER(SEARCH(MAP_TNHN!B9&" (2 tiết)",'PL12'!$S$13)),1,0)+IF(ISNUMBER(SEARCH(MAP_TNHN!B9&" (2 tiết)",'PL12'!$S$14)),1,0)+IF(ISNUMBER(SEARCH(MAP_TNHN!B9&" (2 tiết)",'PL12'!$S$15)),1,0)+IF(ISNUMBER(SEARCH(MAP_TNHN!B9&" (2 tiết)",'PL12'!$S$16)),1,0)+IF(ISNUMBER(SEARCH(MAP_TNHN!B9&" (2 tiết)",'PL12'!$S$17)),1,0)+IF(ISNUMBER(SEARCH(MAP_TNHN!B9&" (2 tiết)",'PL12'!$S$18)),1,0)+IF(ISNUMBER(SEARCH(MAP_TNHN!B9&" (2 tiết)",'PL12'!$S$19)),1,0)))) -> 0 | AX9: =IF(N9="",0,IF(MAP_TNHN!C9="",N9*3,N9*3-2*(IF(ISNUMBER(SEARCH(MAP_TNHN!C9&" (1 tiết)",'PL11'!$S$5)),1,0)+IF(ISNUMBER(SEARCH(MAP_TNHN!C9&" (1 tiết)",'PL11'!$S$6)),1,0)+IF(ISNUMBER(SEARCH(MAP_TNHN!C9&" (1 tiết)",'PL11'!$S$7)),1,0)+IF(ISNUMBER(SEARCH(MAP_TNHN!C9&" (1 tiết)",'PL11'!$S$8)),1,0)+IF(ISNUMBER(SEARCH(MAP_TNHN!C9&" (1 tiết)",'PL11'!$S$9)),1,0)+IF(ISNUMBER(SEARCH(MAP_TNHN!C9&" (1 tiết)",'PL11'!$S$10)),1,0)+IF(ISNUMBER(SEARCH(MAP_TNHN!C9&" (1 tiết)",'PL11'!$S$11)),1,0)+IF(ISNUMBER(SEARCH(MAP_TNHN!C9&" (1 tiết)",'PL11'!$S$12)),1,0)+IF(ISNUMBER(SEARCH(MAP_TNHN!C9&" (1 tiết)",'PL11'!$S$13)),1,0)+IF(ISNUMBER(SEARCH(MAP_TNHN!C9&" (1 tiết)",'PL11'!$S$14)),1,0)+IF(ISNUMBER(SEARCH(MAP_TNHN!C9&" (1 tiết)",'PL11'!$S$15)),1,0)+IF(ISNUMBER(SEARCH(MAP_TNHN!C9&" (1 tiết)",'PL11'!$S$16)),1,0)+IF(ISNUMBER(SEARCH(MAP_TNHN!C9&" (1 tiết)",'PL11'!$S$17)),1,0)+IF(ISNUMBER(SEARCH(MAP_TNHN!C9&" (1 tiết)",'PL11'!$S$18)),1,0))-(IF(ISNUMBER(SEARCH(MAP_TNHN!C9&" (2 tiết)",'PL11'!$S$5)),1,0)+IF(ISNUMBER(SEARCH(MAP_TNHN!C9&" (2 tiết)",'PL11'!$S$6)),1,0)+IF(ISNUMBER(SEARCH(MAP_TNHN!C9&" (2 tiết)",'PL11'!$S$7)),1,0)+IF(ISNUMBER(SEARCH(MAP_TNHN!C9&" (2 tiết)",'PL11'!$S$8)),1,0)+IF(ISNUMBER(SEARCH(MAP_TNHN!C9&" (2 tiết)",'PL11'!$S$9)),1,0)+IF(ISNUMBER(SEARCH(MAP_TNHN!C9&" (2 tiết)",'PL11'!$S$10)),1,0)+IF(ISNUMBER(SEARCH(MAP_TNHN!C9&" (2 tiết)",'PL11'!$S$11)),1,0)+IF(ISNUMBER(SEARCH(MAP_TNHN!C9&" (2 tiết)",'PL11'!$S$12)),1,0)+IF(ISNUMBER(SEARCH(MAP_TNHN!C9&" (2 tiết)",'PL11'!$S$13)),1,0)+IF(ISNUMBER(SEARCH(MAP_TNHN!C9&" (2 tiết)",'PL11'!$S$14)),1,0)+IF(ISNUMBER(SEARCH(MAP_TNHN!C9&" (2 tiết)",'PL11'!$S$15)),1,0)+IF(ISNUMBER(SEARCH(MAP_TNHN!C9&" (2 tiết)",'PL11'!$S$16)),1,0)+IF(ISNUMBER(SEARCH(MAP_TNHN!C9&" (2 tiết)",'PL11'!$S$17)),1,0)+IF(ISNUMBER(SEARCH(MAP_TNHN!C9&" (2 tiết)",'PL11'!$S$18)),1,0)))) -> 0 | AY9: =IF(S9="",0,IF(MAP_TNHN!D9="",S9*3,S9*3-2*(IF(ISNUMBER(SEARCH(MAP_TNHN!D9&" (1 tiết)",'PL10'!$S$5)),1,0)+IF(ISNUMBER(SEARCH(MAP_TNHN!D9&" (1 tiết)",'PL10'!$S$6)),1,0)+IF(ISNUMBER(SEARCH(MAP_TNHN!D9&" (1 tiết)",'PL10'!$S$7)),1,0)+IF(ISNUMBER(SEARCH(MAP_TNHN!D9&" (1 tiết)",'PL10'!$S$8)),1,0)+IF(ISNUMBER(SEARCH(MAP_TNHN!D9&" (1 tiết)",'PL10'!$S$9)),1,0)+IF(ISNUMBER(SEARCH(MAP_TNHN!D9&" (1 tiết)",'PL10'!$S$10)),1,0)+IF(ISNUMBER(SEARCH(MAP_TNHN!D9&" (1 tiết)",'PL10'!$S$11)),1,0)+IF(ISNUMBER(SEARCH(MAP_TNHN!D9&" (1 tiết)",'PL10'!$S$12)),1,0)+IF(ISNUMBER(SEARCH(MAP_TNHN!D9&" (1 tiết)",'PL10'!$S$13)),1,0)+IF(ISNUMBER(SEARCH(MAP_TNHN!D9&" (1 tiết)",'PL10'!$S$14)),1,0)+IF(ISNUMBER(SEARCH(MAP_TNHN!D9&" (1 tiết)",'PL10'!$S$15)),1,0)+IF(ISNUMBER(SEARCH(MAP_TNHN!D9&" (1 tiết)",'PL10'!$S$16)),1,0)+IF(ISNUMBER(SEARCH(MAP_TNHN!D9&" (1 tiết)",'PL10'!$S$17)),1,0)+IF(ISNUMBER(SEARCH(MAP_TNHN!D9&" (1 tiết)",'PL10'!$S$18)),1,0)+IF(ISNUMBER(SEARCH(MAP_TNHN!D9&" (1 tiết)",'PL10'!$S$19)),1,0)+IF(ISNUMBER(SEARCH(MAP_TNHN!D9&" (1 tiết)",'PL10'!$S$20)),1,0)+IF(ISNUMBER(SEARCH(MAP_TNHN!D9&" (1 tiết)",'PL10'!$S$21)),1,0)+IF(ISNUMBER(SEARCH(MAP_TNHN!D9&" (1 tiết)",'PL10'!$S$22)),1,0)+IF(ISNUMBER(SEARCH(MAP_TNHN!D9&" (1 tiết)",'PL10'!$S$23)),1,0)+IF(ISNUMBER(SEARCH(MAP_TNHN!D9&" (1 tiết)",'PL10'!$S$24)),1,0)+IF(ISNUMBER(SEARCH(MAP_TNHN!D9&" (1 tiết)",'PL10'!$S$25)),1,0))-(IF(ISNUMBER(SEARCH(MAP_TNHN!D9&" (2 tiết)",'PL10'!$S$5)),1,0)+IF(ISNUMBER(SEARCH(MAP_TNHN!D9&" (2 tiết)",'PL10'!$S$6)),1,0)+IF(ISNUMBER(SEARCH(MAP_TNHN!D9&" (2 tiết)",'PL10'!$S$7)),1,0)+IF(ISNUMBER(SEARCH(MAP_TNHN!D9&" (2 tiết)",'PL10'!$S$8)),1,0)+IF(ISNUMBER(SEARCH(MAP_TNHN!D9&" (2 tiết)",'PL10'!$S$9)),1,0)+IF(ISNUMBER(SEARCH(MAP_TNHN!D9&" (2 tiết)",'PL10'!$S$10)),1,0)+IF(ISNUMBER(SEARCH(MAP_TNHN!D9&" (2 tiết)",'PL10'!$S$11)),1,0)+IF(ISNUMBER(SEARCH(MAP_TNHN!D9&" (2 tiết)",'PL10'!$S$12)),1,0)+IF(ISNUMBER(SEARCH(MAP_TNHN!D9&" (2 tiết)",'PL10'!$S$13)),1,0)+IF(ISNUMBER(SEARCH(MAP_TNHN!D9&" (2 tiết)",'PL10'!$S$14)),1,0)+IF(ISNUMBER(SEARCH(MAP_TNHN!D9&" (2 tiết)",'PL10'!$S$15)),1,0)+IF(ISNUMBER(SEARCH(MAP_TNHN!D9&" (2 tiết)",'PL10'!$S$16)),1,0)+IF(ISNUMBER(SEARCH(MAP_TNHN!D9&" (2 tiết)",'PL10'!$S$17)),1,0)+IF(ISNUMBER(SEARCH(MAP_TNHN!D9&" (2 tiết)",'PL10'!$S$18)),1,0)+IF(ISNUMBER(SEARCH(MAP_TNHN!D9&" (2 tiết)",'PL10'!$S$19)),1,0)+IF(ISNUMBER(SEARCH(MAP_TNHN!D9&" (2 tiết)",'PL10'!$S$20)),1,0)+IF(ISNUMBER(SEARCH(MAP_TNHN!D9&" (2 tiết)",'PL10'!$S$21)),1,0)+IF(ISNUMBER(SEARCH(MAP_TNHN!D9&" (2 tiết)",'PL10'!$S$22)),1,0)+IF(ISNUMBER(SEARCH(MAP_TNHN!D9&" (2 tiết)",'PL10'!$S$23)),1,0)+IF(ISNUMBER(SEARCH(MAP_TNHN!D9&" (2 tiết)",'PL10'!$S$24)),1,0)+IF(ISNUMBER(SEARCH(MAP_TNHN!D9&" (2 tiết)",'PL10'!$S$25)),1,0)))) -> 1
B10: 5 | C10: PHẠM THỊ PHƯƠNG ĐIỀN | D10: 12 | E10: 2 | F10: 1 | H10: 2 | K10: 2 | U10: =E10*'Phân tiết'!$M$7+G10*('Phân tiết'!$M$21/3)+H10*'Phân tiết'!$L$26+AW10+J10*'Phân tiết'!$M$20+K10*'Phân tiết'!$I$7+M10*('Phân tiết'!$I$21/3)+AX10+O10*'Phân tiết'!$I$20+P10*'Phân tiết'!$E$7+R10*('Phân tiết'!$E$21/3)+AY10+T10*'Phân tiết'!$E$20 -> 16 | V10: =F10*4+L10*4+Q10*4 -> 4 | X10: TTCĐ | Y10: 1 | Z10: =SUM(U10:Y10) -> 21 | AA10: =Z10-17 -> 4 | AD10: =AB10*AC10*1.5 -> 0 | AE10: 2 | AF10: 18 | AG10: =AE10*AF10*1.5 -> 54 | AJ10: =AH10*AI10 -> 0 | AK10: =AA10*33+AD10+AG10+AJ10 -> 186 | AM10: Khôi 12 | AO10: X | AP10: X | AQ10: X | AR10: X | AT10: X | AW10: =IF(I10="",0,IF(MAP_TNHN!B10="",I10*3,I10*3-2*(IF(ISNUMBER(SEARCH(MAP_TNHN!B10&" (1 tiết)",'PL12'!$S$5)),1,0)+IF(ISNUMBER(SEARCH(MAP_TNHN!B10&" (1 tiết)",'PL12'!$S$6)),1,0)+IF(ISNUMBER(SEARCH(MAP_TNHN!B10&" (1 tiết)",'PL12'!$S$7)),1,0)+IF(ISNUMBER(SEARCH(MAP_TNHN!B10&" (1 tiết)",'PL12'!$S$8)),1,0)+IF(ISNUMBER(SEARCH(MAP_TNHN!B10&" (1 tiết)",'PL12'!$S$9)),1,0)+IF(ISNUMBER(SEARCH(MAP_TNHN!B10&" (1 tiết)",'PL12'!$S$10)),1,0)+IF(ISNUMBER(SEARCH(MAP_TNHN!B10&" (1 tiết)",'PL12'!$S$11)),1,0)+IF(ISNUMBER(SEARCH(MAP_TNHN!B10&" (1 tiết)",'PL12'!$S$12)),1,0)+IF(ISNUMBER(SEARCH(MAP_TNHN!B10&" (1 tiết)",'PL12'!$S$13)),1,0)+IF(ISNUMBER(SEARCH(MAP_TNHN!B10&" (1 tiết)",'PL12'!$S$14)),1,0)+IF(ISNUMBER(SEARCH(MAP_TNHN!B10&" (1 tiết)",'PL12'!$S$15)),1,0)+IF(ISNUMBER(SEARCH(MAP_TNHN!B10&" (1 tiết)",'PL12'!$S$16)),1,0)+IF(ISNUMBER(SEARCH(MAP_TNHN!B10&" (1 tiết)",'PL12'!$S$17)),1,0)+IF(ISNUMBER(SEARCH(MAP_TNHN!B10&" (1 tiết)",'PL12'!$S$18)),1,0)+IF(ISNUMBER(SEARCH(MAP_TNHN!B10&" (1 tiết)",'PL12'!$S$19)),1,0))-(IF(ISNUMBER(SEARCH(MAP_TNHN!B10&" (2 tiết)",'PL12'!$S$5)),1,0)+IF(ISNUMBER(SEARCH(MAP_TNHN!B10&" (2 tiết)",'PL12'!$S$6)),1,0)+IF(ISNUMBER(SEARCH(MAP_TNHN!B10&" (2 tiết)",'PL12'!$S$7)),1,0)+IF(ISNUMBER(SEARCH(MAP_TNHN!B10&" (2 tiết)",'PL12'!$S$8)),1,0)+IF(ISNUMBER(SEARCH(MAP_TNHN!B10&" (2 tiết)",'PL12'!$S$9)),1,0)+IF(ISNUMBER(SEARCH(MAP_TNHN!B10&" (2 tiết)",'PL12'!$S$10)),1,0)+IF(ISNUMBER(SEARCH(MAP_TNHN!B10&" (2 tiết)",'PL12'!$S$11)),1,0)+IF(ISNUMBER(SEARCH(MAP_TNHN!B10&" (2 tiết)",'PL12'!$S$12)),1,0)+IF(ISNUMBER(SEARCH(MAP_TNHN!B10&" (2 tiết)",'PL12'!$S$13)),1,0)+IF(ISNUMBER(SEARCH(MAP_TNHN!B10&" (2 tiết)",'PL12'!$S$14)),1,0)+IF(ISNUMBER(SEARCH(MAP_TNHN!B10&" (2 tiết)",'PL12'!$S$15)),1,0)+IF(ISNUMBER(SEARCH(MAP_TNHN!B10&" (2 tiết)",'PL12'!$S$16)),1,0)+IF(ISNUMBER(SEARCH(MAP_TNHN!B10&" (2 tiết)",'PL12'!$S$17)),1,0)+IF(ISNUMBER(SEARCH(MAP_TNHN!B10&" (2 tiết)",'PL12'!$S$18)),1,0)+IF(ISNUMBER(SEARCH(MAP_TNHN!B10&" (2 tiết)",'PL12'!$S$19)),1,0)))) -> 0 | AX10: =IF(N10="",0,IF(MAP_TNHN!C10="",N10*3,N10*3-2*(IF(ISNUMBER(SEARCH(MAP_TNHN!C10&" (1 tiết)",'PL11'!$S$5)),1,0)+IF(ISNUMBER(SEARCH(MAP_TNHN!C10&" (1 tiết)",'PL11'!$S$6)),1,0)+IF(ISNUMBER(SEARCH(MAP_TNHN!C10&" (1 tiết)",'PL11'!$S$7)),1,0)+IF(ISNUMBER(SEARCH(MAP_TNHN!C10&" (1 tiết)",'PL11'!$S$8)),1,0)+IF(ISNUMBER(SEARCH(MAP_TNHN!C10&" (1 tiết)",'PL11'!$S$9)),1,0)+IF(ISNUMBER(SEARCH(MAP_TNHN!C10&" (1 tiết)",'PL11'!$S$10)),1,0)+IF(ISNUMBER(SEARCH(MAP_TNHN!C10&" (1 tiết)",'PL11'!$S$11)),1,0)+IF(ISNUMBER(SEARCH(MAP_TNHN!C10&" (1 tiết)",'PL11'!$S$12)),1,0)+IF(ISNUMBER(SEARCH(MAP_TNHN!C10&" (1 tiết)",'PL11'!$S$13)),1,0)+IF(ISNUMBER(SEARCH(MAP_TNHN!C10&" (1 tiết)",'PL11'!$S$14)),1,0)+IF(ISNUMBER(SEARCH(MAP_TNHN!C10&" (1 tiết)",'PL11'!$S$15)),1,0)+IF(ISNUMBER(SEARCH(MAP_TNHN!C10&" (1 tiết)",'PL11'!$S$16)),1,0)+IF(ISNUMBER(SEARCH(MAP_TNHN!C10&" (1 tiết)",'PL11'!$S$17)),1,0)+IF(ISNUMBER(SEARCH(MAP_TNHN!C10&" (1 tiết)",'PL11'!$S$18)),1,0))-(IF(ISNUMBER(SEARCH(MAP_TNHN!C10&" (2 tiết)",'PL11'!$S$5)),1,0)+IF(ISNUMBER(SEARCH(MAP_TNHN!C10&" (2 tiết)",'PL11'!$S$6)),1,0)+IF(ISNUMBER(SEARCH(MAP_TNHN!C10&" (2 tiết)",'PL11'!$S$7)),1,0)+IF(ISNUMBER(SEARCH(MAP_TNHN!C10&" (2 tiết)",'PL11'!$S$8)),1,0)+IF(ISNUMBER(SEARCH(MAP_TNHN!C10&" (2 tiết)",'PL11'!$S$9)),1,0)+IF(ISNUMBER(SEARCH(MAP_TNHN!C10&" (2 tiết)",'PL11'!$S$10)),1,0)+IF(ISNUMBER(SEARCH(MAP_TNHN!C10&" (2 tiết)",'PL11'!$S$11)),1,0)+IF(ISNUMBER(SEARCH(MAP_TNHN!C10&" (2 tiết)",'PL11'!$S$12)),1,0)+IF(ISNUMBER(SEARCH(MAP_TNHN!C10&" (2 tiết)",'PL11'!$S$13)),1,0)+IF(ISNUMBER(SEARCH(MAP_TNHN!C10&" (2 tiết)",'PL11'!$S$14)),1,0)+IF(ISNUMBER(SEARCH(MAP_TNHN!C10&" (2 tiết)",'PL11'!$S$15)),1,0)+IF(ISNUMBER(SEARCH(MAP_TNHN!C10&" (2 tiết)",'PL11'!$S$16)),1,0)+IF(ISNUMBER(SEARCH(MAP_TNHN!C10&" (2 tiết)",'PL11'!$S$17)),1,0)+IF(ISNUMBER(SEARCH(MAP_TNHN!C10&" (2 tiết)",'PL11'!$S$18)),1,0)))) -> 0 | AY10: =IF(S10="",0,IF(MAP_TNHN!D10="",S10*3,S10*3-2*(IF(ISNUMBER(SEARCH(MAP_TNHN!D10&" (1 tiết)",'PL10'!$S$5)),1,0)+IF(ISNUMBER(SEARCH(MAP_TNHN!D10&" (1 tiết)",'PL10'!$S$6)),1,0)+IF(ISNUMBER(SEARCH(MAP_TNHN!D10&" (1 tiết)",'PL10'!$S$7)),1,0)+IF(ISNUMBER(SEARCH(MAP_TNHN!D10&" (1 tiết)",'PL10'!$S$8)),1,0)+IF(ISNUMBER(SEARCH(MAP_TNHN!D10&" (1 tiết)",'PL10'!$S$9)),1,0)+IF(ISNUMBER(SEARCH(MAP_TNHN!D10&" (1 tiết)",'PL10'!$S$10)),1,0)+IF(ISNUMBER(SEARCH(MAP_TNHN!D10&" (1 tiết)",'PL10'!$S$11)),1,0)+IF(ISNUMBER(SEARCH(MAP_TNHN!D10&" (1 tiết)",'PL10'!$S$12)),1,0)+IF(ISNUMBER(SEARCH(MAP_TNHN!D10&" (1 tiết)",'PL10'!$S$13)),1,0)+IF(ISNUMBER(SEARCH(MAP_TNHN!D10&" (1 tiết)",'PL10'!$S$14)),1,0)+IF(ISNUMBER(SEARCH(MAP_TNHN!D10&" (1 tiết)",'PL10'!$S$15)),1,0)+IF(ISNUMBER(SEARCH(MAP_TNHN!D10&" (1 tiết)",'PL10'!$S$16)),1,0)+IF(ISNUMBER(SEARCH(MAP_TNHN!D10&" (1 tiết)",'PL10'!$S$17)),1,0)+IF(ISNUMBER(SEARCH(MAP_TNHN!D10&" (1 tiết)",'PL10'!$S$18)),1,0)+IF(ISNUMBER(SEARCH(MAP_TNHN!D10&" (1 tiết)",'PL10'!$S$19)),1,0)+IF(ISNUMBER(SEARCH(MAP_TNHN!D10&" (1 tiết)",'PL10'!$S$20)),1,0)+IF(ISNUMBER(SEARCH(MAP_TNHN!D10&" (1 tiết)",'PL10'!$S$21)),1,0)+IF(ISNUMBER(SEARCH(MAP_TNHN!D10&" (1 tiết)",'PL10'!$S$22)),1,0)+IF(ISNUMBER(SEARCH(MAP_TNHN!D10&" (1 tiết)",'PL10'!$S$23)),1,0)+IF(ISNUMBER(SEARCH(MAP_TNHN!D10&" (1 tiết)",'PL10'!$S$24)),1,0)+IF(ISNUMBER(SEARCH(MAP_TNHN!D10&" (1 tiết)",'PL10'!$S$25)),1,0))-(IF(ISNUMBER(SEARCH(MAP_TNHN!D10&" (2 tiết)",'PL10'!$S$5)),1,0)+IF(ISNUMBER(SEARCH(MAP_TNHN!D10&" (2 tiết)",'PL10'!$S$6)),1,0)+IF(ISNUMBER(SEARCH(MAP_TNHN!D10&" (2 tiết)",'PL10'!$S$7)),1,0)+IF(ISNUMBER(SEARCH(MAP_TNHN!D10&" (2 tiết)",'PL10'!$S$8)),1,0)+IF(ISNUMBER(SEARCH(MAP_TNHN!D10&" (2 tiết)",'PL10'!$S$9)),1,0)+IF(ISNUMBER(SEARCH(MAP_TNHN!D10&" (2 tiết)",'PL10'!$S$10)),1,0)+IF(ISNUMBER(SEARCH(MAP_TNHN!D10&" (2 tiết)",'PL10'!$S$11)),1,0)+IF(ISNUMBER(SEARCH(MAP_TNHN!D10&" (2 tiết)",'PL10'!$S$12)),1,0)+IF(ISNUMBER(SEARCH(MAP_TNHN!D10&" (2 tiết)",'PL10'!$S$13)),1,0)+IF(ISNUMBER(SEARCH(MAP_TNHN!D10&" (2 tiết)",'PL10'!$S$14)),1,0)+IF(ISNUMBER(SEARCH(MAP_TNHN!D10&" (2 tiết)",'PL10'!$S$15)),1,0)+IF(ISNUMBER(SEARCH(MAP_TNHN!D10&" (2 tiết)",'PL10'!$S$16)),1,0)+IF(ISNUMBER(SEARCH(MAP_TNHN!D10&" (2 tiết)",'PL10'!$S$17)),1,0)+IF(ISNUMBER(SEARCH(MAP_TNHN!D10&" (2 tiết)",'PL10'!$S$18)),1,0)+IF(ISNUMBER(SEARCH(MAP_TNHN!D10&" (2 tiết)",'PL10'!$S$19)),1,0)+IF(ISNUMBER(SEARCH(MAP_TNHN!D10&" (2 tiết)",'PL10'!$S$20)),1,0)+IF(ISNUMBER(SEARCH(MAP_TNHN!D10&" (2 tiết)",'PL10'!$S$21)),1,0)+IF(ISNUMBER(SEARCH(MAP_TNHN!D10&" (2 tiết)",'PL10'!$S$22)),1,0)+IF(ISNUMBER(SEARCH(MAP_TNHN!D10&" (2 tiết)",'PL10'!$S$23)),1,0)+IF(ISNUMBER(SEARCH(MAP_TNHN!D10&" (2 tiết)",'PL10'!$S$24)),1,0)+IF(ISNUMBER(SEARCH(MAP_TNHN!D10&" (2 tiết)",'PL10'!$S$25)),1,0)))) -> 0
B11: 6 | C11: MAI LAN ANH | D11: 10 | K11: 3 | P11: 3 | Q11: 1 | S11: 1 | U11: =E11*'Phân tiết'!$M$7+G11*('Phân tiết'!$M$21/3)+H11*'Phân tiết'!$L$26+AW11+J11*'Phân tiết'!$M$20+K11*'Phân tiết'!$I$7+M11*('Phân tiết'!$I$21/3)+AX11+O11*'Phân tiết'!$I$20+P11*'Phân tiết'!$E$7+R11*('Phân tiết'!$E$21/3)+AY11+T11*'Phân tiết'!$E$20 -> 19 | V11: =F11*4+L11*4+Q11*4 -> 4 | Z11: =SUM(U11:Y11) -> 23 | AA11: =Z11-17 -> 6 | AD11: =AB11*AC11*1.5 -> 0 | AE11: 2 | AF11: 15 | AG11: =AE11*AF11*1.5 -> 45 | AJ11: =AH11*AI11 -> 0 | AK11: =AA11*33+AD11+AG11+AJ11 -> 243 | AM11: Khối 11 | AO11: X | AP11: X | AQ11: X | AR11: X | AT11: X | AW11: =IF(I11="",0,IF(MAP_TNHN!B11="",I11*3,I11*3-2*(IF(ISNUMBER(SEARCH(MAP_TNHN!B11&" (1 tiết)",'PL12'!$S$5)),1,0)+IF(ISNUMBER(SEARCH(MAP_TNHN!B11&" (1 tiết)",'PL12'!$S$6)),1,0)+IF(ISNUMBER(SEARCH(MAP_TNHN!B11&" (1 tiết)",'PL12'!$S$7)),1,0)+IF(ISNUMBER(SEARCH(MAP_TNHN!B11&" (1 tiết)",'PL12'!$S$8)),1,0)+IF(ISNUMBER(SEARCH(MAP_TNHN!B11&" (1 tiết)",'PL12'!$S$9)),1,0)+IF(ISNUMBER(SEARCH(MAP_TNHN!B11&" (1 tiết)",'PL12'!$S$10)),1,0)+IF(ISNUMBER(SEARCH(MAP_TNHN!B11&" (1 tiết)",'PL12'!$S$11)),1,0)+IF(ISNUMBER(SEARCH(MAP_TNHN!B11&" (1 tiết)",'PL12'!$S$12)),1,0)+IF(ISNUMBER(SEARCH(MAP_TNHN!B11&" (1 tiết)",'PL12'!$S$13)),1,0)+IF(ISNUMBER(SEARCH(MAP_TNHN!B11&" (1 tiết)",'PL12'!$S$14)),1,0)+IF(ISNUMBER(SEARCH(MAP_TNHN!B11&" (1 tiết)",'PL12'!$S$15)),1,0)+IF(ISNUMBER(SEARCH(MAP_TNHN!B11&" (1 tiết)",'PL12'!$S$16)),1,0)+IF(ISNUMBER(SEARCH(MAP_TNHN!B11&" (1 tiết)",'PL12'!$S$17)),1,0)+IF(ISNUMBER(SEARCH(MAP_TNHN!B11&" (1 tiết)",'PL12'!$S$18)),1,0)+IF(ISNUMBER(SEARCH(MAP_TNHN!B11&" (1 tiết)",'PL12'!$S$19)),1,0))-(IF(ISNUMBER(SEARCH(MAP_TNHN!B11&" (2 tiết)",'PL12'!$S$5)),1,0)+IF(ISNUMBER(SEARCH(MAP_TNHN!B11&" (2 tiết)",'PL12'!$S$6)),1,0)+IF(ISNUMBER(SEARCH(MAP_TNHN!B11&" (2 tiết)",'PL12'!$S$7)),1,0)+IF(ISNUMBER(SEARCH(MAP_TNHN!B11&" (2 tiết)",'PL12'!$S$8)),1,0)+IF(ISNUMBER(SEARCH(MAP_TNHN!B11&" (2 tiết)",'PL12'!$S$9)),1,0)+IF(ISNUMBER(SEARCH(MAP_TNHN!B11&" (2 tiết)",'PL12'!$S$10)),1,0)+IF(ISNUMBER(SEARCH(MAP_TNHN!B11&" (2 tiết)",'PL12'!$S$11)),1,0)+IF(ISNUMBER(SEARCH(MAP_TNHN!B11&" (2 tiết)",'PL12'!$S$12)),1,0)+IF(ISNUMBER(SEARCH(MAP_TNHN!B11&" (2 tiết)",'PL12'!$S$13)),1,0)+IF(ISNUMBER(SEARCH(MAP_TNHN!B11&" (2 tiết)",'PL12'!$S$14)),1,0)+IF(ISNUMBER(SEARCH(MAP_TNHN!B11&" (2 tiết)",'PL12'!$S$15)),1,0)+IF(ISNUMBER(SEARCH(MAP_TNHN!B11&" (2 tiết)",'PL12'!$S$16)),1,0)+IF(ISNUMBER(SEARCH(MAP_TNHN!B11&" (2 tiết)",'PL12'!$S$17)),1,0)+IF(ISNUMBER(SEARCH(MAP_TNHN!B11&" (2 tiết)",'PL12'!$S$18)),1,0)+IF(ISNUMBER(SEARCH(MAP_TNHN!B11&" (2 tiết)",'PL12'!$S$19)),1,0)))) -> 0 | AX11: =IF(N11="",0,IF(MAP_TNHN!C11="",N11*3,N11*3-2*(IF(ISNUMBER(SEARCH(MAP_TNHN!C11&" (1 tiết)",'PL11'!$S$5)),1,0)+IF(ISNUMBER(SEARCH(MAP_TNHN!C11&" (1 tiết)",'PL11'!$S$6)),1,0)+IF(ISNUMBER(SEARCH(MAP_TNHN!C11&" (1 tiết)",'PL11'!$S$7)),1,0)+IF(ISNUMBER(SEARCH(MAP_TNHN!C11&" (1 tiết)",'PL11'!$S$8)),1,0)+IF(ISNUMBER(SEARCH(MAP_TNHN!C11&" (1 tiết)",'PL11'!$S$9)),1,0)+IF(ISNUMBER(SEARCH(MAP_TNHN!C11&" (1 tiết)",'PL11'!$S$10)),1,0)+IF(ISNUMBER(SEARCH(MAP_TNHN!C11&" (1 tiết)",'PL11'!$S$11)),1,0)+IF(ISNUMBER(SEARCH(MAP_TNHN!C11&" (1 tiết)",'PL11'!$S$12)),1,0)+IF(ISNUMBER(SEARCH(MAP_TNHN!C11&" (1 tiết)",'PL11'!$S$13)),1,0)+IF(ISNUMBER(SEARCH(MAP_TNHN!C11&" (1 tiết)",'PL11'!$S$14)),1,0)+IF(ISNUMBER(SEARCH(MAP_TNHN!C11&" (1 tiết)",'PL11'!$S$15)),1,0)+IF(ISNUMBER(SEARCH(MAP_TNHN!C11&" (1 tiết)",'PL11'!$S$16)),1,0)+IF(ISNUMBER(SEARCH(MAP_TNHN!C11&" (1 tiết)",'PL11'!$S$17)),1,0)+IF(ISNUMBER(SEARCH(MAP_TNHN!C11&" (1 tiết)",'PL11'!$S$18)),1,0))-(IF(ISNUMBER(SEARCH(MAP_TNHN!C11&" (2 tiết)",'PL11'!$S$5)),1,0)+IF(ISNUMBER(SEARCH(MAP_TNHN!C11&" (2 tiết)",'PL11'!$S$6)),1,0)+IF(ISNUMBER(SEARCH(MAP_TNHN!C11&" (2 tiết)",'PL11'!$S$7)),1,0)+IF(ISNUMBER(SEARCH(MAP_TNHN!C11&" (2 tiết)",'PL11'!$S$8)),1,0)+IF(ISNUMBER(SEARCH(MAP_TNHN!C11&" (2 tiết)",'PL11'!$S$9)),1,0)+IF(ISNUMBER(SEARCH(MAP_TNHN!C11&" (2 tiết)",'PL11'!$S$10)),1,0)+IF(ISNUMBER(SEARCH(MAP_TNHN!C11&" (2 tiết)",'PL11'!$S$11)),1,0)+IF(ISNUMBER(SEARCH(MAP_TNHN!C11&" (2 tiết)",'PL11'!$S$12)),1,0)+IF(ISNUMBER(SEARCH(MAP_TNHN!C11&" (2 tiết)",'PL11'!$S$13)),1,0)+IF(ISNUMBER(SEARCH(MAP_TNHN!C11&" (2 tiết)",'PL11'!$S$14)),1,0)+IF(ISNUMBER(SEARCH(MAP_TNHN!C11&" (2 tiết)",'PL11'!$S$15)),1,0)+IF(ISNUMBER(SEARCH(MAP_TNHN!C11&" (2 tiết)",'PL11'!$S$16)),1,0)+IF(ISNUMBER(SEARCH(MAP_TNHN!C11&" (2 tiết)",'PL11'!$S$17)),1,0)+IF(ISNUMBER(SEARCH(MAP_TNHN!C11&" (2 tiết)",'PL11'!$S$18)),1,0)))) -> 0 | AY11: =IF(S11="",0,IF(MAP_TNHN!D11="",S11*3,S11*3-2*(IF(ISNUMBER(SEARCH(MAP_TNHN!D11&" (1 tiết)",'PL10'!$S$5)),1,0)+IF(ISNUMBER(SEARCH(MAP_TNHN!D11&" (1 tiết)",'PL10'!$S$6)),1,0)+IF(ISNUMBER(SEARCH(MAP_TNHN!D11&" (1 tiết)",'PL10'!$S$7)),1,0)+IF(ISNUMBER(SEARCH(MAP_TNHN!D11&" (1 tiết)",'PL10'!$S$8)),1,0)+IF(ISNUMBER(SEARCH(MAP_TNHN!D11&" (1 tiết)",'PL10'!$S$9)),1,0)+IF(ISNUMBER(SEARCH(MAP_TNHN!D11&" (1 tiết)",'PL10'!$S$10)),1,0)+IF(ISNUMBER(SEARCH(MAP_TNHN!D11&" (1 tiết)",'PL10'!$S$11)),1,0)+IF(ISNUMBER(SEARCH(MAP_TNHN!D11&" (1 tiết)",'PL10'!$S$12)),1,0)+IF(ISNUMBER(SEARCH(MAP_TNHN!D11&" (1 tiết)",'PL10'!$S$13)),1,0)+IF(ISNUMBER(SEARCH(MAP_TNHN!D11&" (1 tiết)",'PL10'!$S$14)),1,0)+IF(ISNUMBER(SEARCH(MAP_TNHN!D11&" (1 tiết)",'PL10'!$S$15)),1,0)+IF(ISNUMBER(SEARCH(MAP_TNHN!D11&" (1 tiết)",'PL10'!$S$16)),1,0)+IF(ISNUMBER(SEARCH(MAP_TNHN!D11&" (1 tiết)",'PL10'!$S$17)),1,0)+IF(ISNUMBER(SEARCH(MAP_TNHN!D11&" (1 tiết)",'PL10'!$S$18)),1,0)+IF(ISNUMBER(SEARCH(MAP_TNHN!D11&" (1 tiết)",'PL10'!$S$19)),1,0)+IF(ISNUMBER(SEARCH(MAP_TNHN!D11&" (1 tiết)",'PL10'!$S$20)),1,0)+IF(ISNUMBER(SEARCH(MAP_TNHN!D11&" (1 tiết)",'PL10'!$S$21)),1,0)+IF(ISNUMBER(SEARCH(MAP_TNHN!D11&" (1 tiết)",'PL10'!$S$22)),1,0)+IF(ISNUMBER(SEARCH(MAP_TNHN!D11&" (1 tiết)",'PL10'!$S$23)),1,0)+IF(ISNUMBER(SEARCH(MAP_TNHN!D11&" (1 tiết)",'PL10'!$S$24)),1,0)+IF(ISNUMBER(SEARCH(MAP_TNHN!D11&" (1 tiết)",'PL10'!$S$25)),1,0))-(IF(ISNUMBER(SEARCH(MAP_TNHN!D11&" (2 tiết)",'PL10'!$S$5)),1,0)+IF(ISNUMBER(SEARCH(MAP_TNHN!D11&" (2 tiết)",'PL10'!$S$6)),1,0)+IF(ISNUMBER(SEARCH(MAP_TNHN!D11&" (2 tiết)",'PL10'!$S$7)),1,0)+IF(ISNUMBER(SEARCH(MAP_TNHN!D11&" (2 tiết)",'PL10'!$S$8)),1,0)+IF(ISNUMBER(SEARCH(MAP_TNHN!D11&" (2 tiết)",'PL10'!$S$9)),1,0)+IF(ISNUMBER(SEARCH(MAP_TNHN!D11&" (2 tiết)",'PL10'!$S$10)),1,0)+IF(ISNUMBER(SEARCH(MAP_TNHN!D11&" (2 tiết)",'PL10'!$S$11)),1,0)+IF(ISNUMBER(SEARCH(MAP_TNHN!D11&" (2 tiết)",'PL10'!$S$12)),1,0)+IF(ISNUMBER(SEARCH(MAP_TNHN!D11&" (2 tiết)",'PL10'!$S$13)),1,0)+IF(ISNUMBER(SEARCH(MAP_TNHN!D11&" (2 tiết)",'PL10'!$S$14)),1,0)+IF(ISNUMBER(SEARCH(MAP_TNHN!D11&" (2 tiết)",'PL10'!$S$15)),1,0)+IF(ISNUMBER(SEARCH(MAP_TNHN!D11&" (2 tiết)",'PL10'!$S$16)),1,0)+IF(ISNUMBER(SEARCH(MAP_TNHN!D11&" (2 tiết)",'PL10'!$S$17)),1,0)+IF(ISNUMBER(SEARCH(MAP_TNHN!D11&" (2 tiết)",'PL10'!$S$18)),1,0)+IF(ISNUMBER(SEARCH(MAP_TNHN!D11&" (2 tiết)",'PL10'!$S$19)),1,0)+IF(ISNUMBER(SEARCH(MAP_TNHN!D11&" (2 tiết)",'PL10'!$S$20)),1,0)+IF(ISNUMBER(SEARCH(MAP_TNHN!D11&" (2 tiết)",'PL10'!$S$21)),1,0)+IF(ISNUMBER(SEARCH(MAP_TNHN!D11&" (2 tiết)",'PL10'!$S$22)),1,0)+IF(ISNUMBER(SEARCH(MAP_TNHN!D11&" (2 tiết)",'PL10'!$S$23)),1,0)+IF(ISNUMBER(SEARCH(MAP_TNHN!D11&" (2 tiết)",'PL10'!$S$24)),1,0)+IF(ISNUMBER(SEARCH(MAP_TNHN!D11&" (2 tiết)",'PL10'!$S$25)),1,0)))) -> 1
B12: 7 | C12: VĂN HUỲNH BẢO PHƯƠNG | K12: 3 | P12: 3 | Q12: 1 | U12: =E12*'Phân tiết'!$M$7+G12*('Phân tiết'!$M$21/3)+H12*'Phân tiết'!$L$26+AW12+J12*'Phân tiết'!$M$20+K12*'Phân tiết'!$I$7+M12*('Phân tiết'!$I$21/3)+AX12+O12*'Phân tiết'!$I$20+P12*'Phân tiết'!$E$7+R12*('Phân tiết'!$E$21/3)+AY12+T12*'Phân tiết'!$E$20 -> 18 | V12: =F12*4+L12*4+Q12*4 -> 4 | Z12: =SUM(U12:Y12) -> 22 | AA12: =Z12-17 -> 5 | AD12: =AB12*AC12*1.5 -> 0 | AG12: =AE12*AF12*1.5 -> 0 | AJ12: =AH12*AI12 -> 0 | AK12: =AA12*33+AD12+AG12+AJ12 -> 165 | AO12: X | AP12: X | AQ12: X | AR12: X | AT12: X | AV12: Nghỉ thai sản từ 01/4 - 01/10/2025 | AW12: =IF(I12="",0,IF(MAP_TNHN!B12="",I12*3,I12*3-2*(IF(ISNUMBER(SEARCH(MAP_TNHN!B12&" (1 tiết)",'PL12'!$S$5)),1,0)+IF(ISNUMBER(SEARCH(MAP_TNHN!B12&" (1 tiết)",'PL12'!$S$6)),1,0)+IF(ISNUMBER(SEARCH(MAP_TNHN!B12&" (1 tiết)",'PL12'!$S$7)),1,0)+IF(ISNUMBER(SEARCH(MAP_TNHN!B12&" (1 tiết)",'PL12'!$S$8)),1,0)+IF(ISNUMBER(SEARCH(MAP_TNHN!B12&" (1 tiết)",'PL12'!$S$9)),1,0)+IF(ISNUMBER(SEARCH(MAP_TNHN!B12&" (1 tiết)",'PL12'!$S$10)),1,0)+IF(ISNUMBER(SEARCH(MAP_TNHN!B12&" (1 tiết)",'PL12'!$S$11)),1,0)+IF(ISNUMBER(SEARCH(MAP_TNHN!B12&" (1 tiết)",'PL12'!$S$12)),1,0)+IF(ISNUMBER(SEARCH(MAP_TNHN!B12&" (1 tiết)",'PL12'!$S$13)),1,0)+IF(ISNUMBER(SEARCH(MAP_TNHN!B12&" (1 tiết)",'PL12'!$S$14)),1,0)+IF(ISNUMBER(SEARCH(MAP_TNHN!B12&" (1 tiết)",'PL12'!$S$15)),1,0)+IF(ISNUMBER(SEARCH(MAP_TNHN!B12&" (1 tiết)",'PL12'!$S$16)),1,0)+IF(ISNUMBER(SEARCH(MAP_TNHN!B12&" (1 tiết)",'PL12'!$S$17)),1,0)+IF(ISNUMBER(SEARCH(MAP_TNHN!B12&" (1 tiết)",'PL12'!$S$18)),1,0)+IF(ISNUMBER(SEARCH(MAP_TNHN!B12&" (1 tiết)",'PL12'!$S$19)),1,0))-(IF(ISNUMBER(SEARCH(MAP_TNHN!B12&" (2 tiết)",'PL12'!$S$5)),1,0)+IF(ISNUMBER(SEARCH(MAP_TNHN!B12&" (2 tiết)",'PL12'!$S$6)),1,0)+IF(ISNUMBER(SEARCH(MAP_TNHN!B12&" (2 tiết)",'PL12'!$S$7)),1,0)+IF(ISNUMBER(SEARCH(MAP_TNHN!B12&" (2 tiết)",'PL12'!$S$8)),1,0)+IF(ISNUMBER(SEARCH(MAP_TNHN!B12&" (2 tiết)",'PL12'!$S$9)),1,0)+IF(ISNUMBER(SEARCH(MAP_TNHN!B12&" (2 tiết)",'PL12'!$S$10)),1,0)+IF(ISNUMBER(SEARCH(MAP_TNHN!B12&" (2 tiết)",'PL12'!$S$11)),1,0)+IF(ISNUMBER(SEARCH(MAP_TNHN!B12&" (2 tiết)",'PL12'!$S$12)),1,0)+IF(ISNUMBER(SEARCH(MAP_TNHN!B12&" (2 tiết)",'PL12'!$S$13)),1,0)+IF(ISNUMBER(SEARCH(MAP_TNHN!B12&" (2 tiết)",'PL12'!$S$14)),1,0)+IF(ISNUMBER(SEARCH(MAP_TNHN!B12&" (2 tiết)",'PL12'!$S$15)),1,0)+IF(ISNUMBER(SEARCH(MAP_TNHN!B12&" (2 tiết)",'PL12'!$S$16)),1,0)+IF(ISNUMBER(SEARCH(MAP_TNHN!B12&" (2 tiết)",'PL12'!$S$17)),1,0)+IF(ISNUMBER(SEARCH(MAP_TNHN!B12&" (2 tiết)",'PL12'!$S$18)),1,0)+IF(ISNUMBER(SEARCH(MAP_TNHN!B12&" (2 tiết)",'PL12'!$S$19)),1,0)))) -> 0 | AX12: =IF(N12="",0,IF(MAP_TNHN!C12="",N12*3,N12*3-2*(IF(ISNUMBER(SEARCH(MAP_TNHN!C12&" (1 tiết)",'PL11'!$S$5)),1,0)+IF(ISNUMBER(SEARCH(MAP_TNHN!C12&" (1 tiết)",'PL11'!$S$6)),1,0)+IF(ISNUMBER(SEARCH(MAP_TNHN!C12&" (1 tiết)",'PL11'!$S$7)),1,0)+IF(ISNUMBER(SEARCH(MAP_TNHN!C12&" (1 tiết)",'PL11'!$S$8)),1,0)+IF(ISNUMBER(SEARCH(MAP_TNHN!C12&" (1 tiết)",'PL11'!$S$9)),1,0)+IF(ISNUMBER(SEARCH(MAP_TNHN!C12&" (1 tiết)",'PL11'!$S$10)),1,0)+IF(ISNUMBER(SEARCH(MAP_TNHN!C12&" (1 tiết)",'PL11'!$S$11)),1,0)+IF(ISNUMBER(SEARCH(MAP_TNHN!C12&" (1 tiết)",'PL11'!$S$12)),1,0)+IF(ISNUMBER(SEARCH(MAP_TNHN!C12&" (1 tiết)",'PL11'!$S$13)),1,0)+IF(ISNUMBER(SEARCH(MAP_TNHN!C12&" (1 tiết)",'PL11'!$S$14)),1,0)+IF(ISNUMBER(SEARCH(MAP_TNHN!C12&" (1 tiết)",'PL11'!$S$15)),1,0)+IF(ISNUMBER(SEARCH(MAP_TNHN!C12&" (1 tiết)",'PL11'!$S$16)),1,0)+IF(ISNUMBER(SEARCH(MAP_TNHN!C12&" (1 tiết)",'PL11'!$S$17)),1,0)+IF(ISNUMBER(SEARCH(MAP_TNHN!C12&" (1 tiết)",'PL11'!$S$18)),1,0))-(IF(ISNUMBER(SEARCH(MAP_TNHN!C12&" (2 tiết)",'PL11'!$S$5)),1,0)+IF(ISNUMBER(SEARCH(MAP_TNHN!C12&" (2 tiết)",'PL11'!$S$6)),1,0)+IF(ISNUMBER(SEARCH(MAP_TNHN!C12&" (2 tiết)",'PL11'!$S$7)),1,0)+IF(ISNUMBER(SEARCH(MAP_TNHN!C12&" (2 tiết)",'PL11'!$S$8)),1,0)+IF(ISNUMBER(SEARCH(MAP_TNHN!C12&" (2 tiết)",'PL11'!$S$9)),1,0)+IF(ISNUMBER(SEARCH(MAP_TNHN!C12&" (2 tiết)",'PL11'!$S$10)),1,0)+IF(ISNUMBER(SEARCH(MAP_TNHN!C12&" (2 tiết)",'PL11'!$S$11)),1,0)+IF(ISNUMBER(SEARCH(MAP_TNHN!C12&" (2 tiết)",'PL11'!$S$12)),1,0)+IF(ISNUMBER(SEARCH(MAP_TNHN!C12&" (2 tiết)",'PL11'!$S$13)),1,0)+IF(ISNUMBER(SEARCH(MAP_TNHN!C12&" (2 tiết)",'PL11'!$S$14)),1,0)+IF(ISNUMBER(SEARCH(MAP_TNHN!C12&" (2 tiết)",'PL11'!$S$15)),1,0)+IF(ISNUMBER(SEARCH(MAP_TNHN!C12&" (2 tiết)",'PL11'!$S$16)),1,0)+IF(ISNUMBER(SEARCH(MAP_TNHN!C12&" (2 tiết)",'PL11'!$S$17)),1,0)+IF(ISNUMBER(SEARCH(MAP_TNHN!C12&" (2 tiết)",'PL11'!$S$18)),1,0)))) -> 0 | AY12: =IF(S12="",0,IF(MAP_TNHN!D12="",S12*3,S12*3-2*(IF(ISNUMBER(SEARCH(MAP_TNHN!D12&" (1 tiết)",'PL10'!$S$5)),1,0)+IF(ISNUMBER(SEARCH(MAP_TNHN!D12&" (1 tiết)",'PL10'!$S$6)),1,0)+IF(ISNUMBER(SEARCH(MAP_TNHN!D12&" (1 tiết)",'PL10'!$S$7)),1,0)+IF(ISNUMBER(SEARCH(MAP_TNHN!D12&" (1 tiết)",'PL10'!$S$8)),1,0)+IF(ISNUMBER(SEARCH(MAP_TNHN!D12&" (1 tiết)",'PL10'!$S$9)),1,0)+IF(ISNUMBER(SEARCH(MAP_TNHN!D12&" (1 tiết)",'PL10'!$S$10)),1,0)+IF(ISNUMBER(SEARCH(MAP_TNHN!D12&" (1 tiết)",'PL10'!$S$11)),1,0)+IF(ISNUMBER(SEARCH(MAP_TNHN!D12&" (1 tiết)",'PL10'!$S$12)),1,0)+IF(ISNUMBER(SEARCH(MAP_TNHN!D12&" (1 tiết)",'PL10'!$S$13)),1,0)+IF(ISNUMBER(SEARCH(MAP_TNHN!D12&" (1 tiết)",'PL10'!$S$14)),1,0)+IF(ISNUMBER(SEARCH(MAP_TNHN!D12&" (1 tiết)",'PL10'!$S$15)),1,0)+IF(ISNUMBER(SEARCH(MAP_TNHN!D12&" (1 tiết)",'PL10'!$S$16)),1,0)+IF(ISNUMBER(SEARCH(MAP_TNHN!D12&" (1 tiết)",'PL10'!$S$17)),1,0)+IF(ISNUMBER(SEARCH(MAP_TNHN!D12&" (1 tiết)",'PL10'!$S$18)),1,0)+IF(ISNUMBER(SEARCH(MAP_TNHN!D12&" (1 tiết)",'PL10'!$S$19)),1,0)+IF(ISNUMBER(SEARCH(MAP_TNHN!D12&" (1 tiết)",'PL10'!$S$20)),1,0)+IF(ISNUMBER(SEARCH(MAP_TNHN!D12&" (1 tiết)",'PL10'!$S$21)),1,0)+IF(ISNUMBER(SEARCH(MAP_TNHN!D12&" (1 tiết)",'PL10'!$S$22)),1,0)+IF(ISNUMBER(SEARCH(MAP_TNHN!D12&" (1 tiết)",'PL10'!$S$23)),1,0)+IF(ISNUMBER(SEARCH(MAP_TNHN!D12&" (1 tiết)",'PL10'!$S$24)),1,0)+IF(ISNUMBER(SEARCH(MAP_TNHN!D12&" (1 tiết)",'PL10'!$S$25)),1,0))-(IF(ISNUMBER(SEARCH(MAP_TNHN!D12&" (2 tiết)",'PL10'!$S$5)),1,0)+IF(ISNUMBER(SEARCH(MAP_TNHN!D12&" (2 tiết)",'PL10'!$S$6)),1,0)+IF(ISNUMBER(SEARCH(MAP_TNHN!D12&" (2 tiết)",'PL10'!$S$7)),1,0)+IF(ISNUMBER(SEARCH(MAP_TNHN!D12&" (2 tiết)",'PL10'!$S$8)),1,0)+IF(ISNUMBER(SEARCH(MAP_TNHN!D12&" (2 tiết)",'PL10'!$S$9)),1,0)+IF(ISNUMBER(SEARCH(MAP_TNHN!D12&" (2 tiết)",'PL10'!$S$10)),1,0)+IF(ISNUMBER(SEARCH(MAP_TNHN!D12&" (2 tiết)",'PL10'!$S$11)),1,0)+IF(ISNUMBER(SEARCH(MAP_TNHN!D12&" (2 tiết)",'PL10'!$S$12)),1,0)+IF(ISNUMBER(SEARCH(MAP_TNHN!D12&" (2 tiết)",'PL10'!$S$13)),1,0)+IF(ISNUMBER(SEARCH(MAP_TNHN!D12&" (2 tiết)",'PL10'!$S$14)),1,0)+IF(ISNUMBER(SEARCH(MAP_TNHN!D12&" (2 tiết)",'PL10'!$S$15)),1,0)+IF(ISNUMBER(SEARCH(MAP_TNHN!D12&" (2 tiết)",'PL10'!$S$16)),1,0)+IF(ISNUMBER(SEARCH(MAP_TNHN!D12&" (2 tiết)",'PL10'!$S$17)),1,0)+IF(ISNUMBER(SEARCH(MAP_TNHN!D12&" (2 tiết)",'PL10'!$S$18)),1,0)+IF(ISNUMBER(SEARCH(MAP_TNHN!D12&" (2 tiết)",'PL10'!$S$19)),1,0)+IF(ISNUMBER(SEARCH(MAP_TNHN!D12&" (2 tiết)",'PL10'!$S$20)),1,0)+IF(ISNUMBER(SEARCH(MAP_TNHN!D12&" (2 tiết)",'PL10'!$S$21)),1,0)+IF(ISNUMBER(SEARCH(MAP_TNHN!D12&" (2 tiết)",'PL10'!$S$22)),1,0)+IF(ISNUMBER(SEARCH(MAP_TNHN!D12&" (2 tiết)",'PL10'!$S$23)),1,0)+IF(ISNUMBER(SEARCH(MAP_TNHN!D12&" (2 tiết)",'PL10'!$S$24)),1,0)+IF(ISNUMBER(SEARCH(MAP_TNHN!D12&" (2 tiết)",'PL10'!$S$25)),1,0)))) -> 0
B13: 8 | C13: TRẦN THỊ MỸ THANH | D13: 12 | E13: 2 | F13: 1 | H13: 2 | K13: 3 | U13: =E13*'Phân tiết'!$M$7+G13*('Phân tiết'!$M$21/3)+H13*'Phân tiết'!$L$26+AW13+J13*'Phân tiết'!$M$20+K13*'Phân tiết'!$I$7+M13*('Phân tiết'!$I$21/3)+AX13+O13*'Phân tiết'!$I$20+P13*'Phân tiết'!$E$7+R13*('Phân tiết'!$E$21/3)+AY13+T13*'Phân tiết'!$E$20 -> 19 | V13: =F13*4+L13*4+Q13*4 -> 4 | Z13: =SUM(U13:Y13) -> 23 | AA13: =Z13-17 -> 6 | AD13: =AB13*AC13*1.5 -> 0 | AG13: =AE13*AF13*1.5 -> 0 | AJ13: =AH13*AI13 -> 0 | AK13: =AA13*33+AD13+AG13+AJ13 -> 198 | AN13: X | AO13: X | AP13: X | AQ13: X | AR13: X | AT13: X | AW13: =IF(I13="",0,IF(MAP_TNHN!B13="",I13*3,I13*3-2*(IF(ISNUMBER(SEARCH(MAP_TNHN!B13&" (1 tiết)",'PL12'!$S$5)),1,0)+IF(ISNUMBER(SEARCH(MAP_TNHN!B13&" (1 tiết)",'PL12'!$S$6)),1,0)+IF(ISNUMBER(SEARCH(MAP_TNHN!B13&" (1 tiết)",'PL12'!$S$7)),1,0)+IF(ISNUMBER(SEARCH(MAP_TNHN!B13&" (1 tiết)",'PL12'!$S$8)),1,0)+IF(ISNUMBER(SEARCH(MAP_TNHN!B13&" (1 tiết)",'PL12'!$S$9)),1,0)+IF(ISNUMBER(SEARCH(MAP_TNHN!B13&" (1 tiết)",'PL12'!$S$10)),1,0)+IF(ISNUMBER(SEARCH(MAP_TNHN!B13&" (1 tiết)",'PL12'!$S$11)),1,0)+IF(ISNUMBER(SEARCH(MAP_TNHN!B13&" (1 tiết)",'PL12'!$S$12)),1,0)+IF(ISNUMBER(SEARCH(MAP_TNHN!B13&" (1 tiết)",'PL12'!$S$13)),1,0)+IF(ISNUMBER(SEARCH(MAP_TNHN!B13&" (1 tiết)",'PL12'!$S$14)),1,0)+IF(ISNUMBER(SEARCH(MAP_TNHN!B13&" (1 tiết)",'PL12'!$S$15)),1,0)+IF(ISNUMBER(SEARCH(MAP_TNHN!B13&" (1 tiết)",'PL12'!$S$16)),1,0)+IF(ISNUMBER(SEARCH(MAP_TNHN!B13&" (1 tiết)",'PL12'!$S$17)),1,0)+IF(ISNUMBER(SEARCH(MAP_TNHN!B13&" (1 tiết)",'PL12'!$S$18)),1,0)+IF(ISNUMBER(SEARCH(MAP_TNHN!B13&" (1 tiết)",'PL12'!$S$19)),1,0))-(IF(ISNUMBER(SEARCH(MAP_TNHN!B13&" (2 tiết)",'PL12'!$S$5)),1,0)+IF(ISNUMBER(SEARCH(MAP_TNHN!B13&" (2 tiết)",'PL12'!$S$6)),1,0)+IF(ISNUMBER(SEARCH(MAP_TNHN!B13&" (2 tiết)",'PL12'!$S$7)),1,0)+IF(ISNUMBER(SEARCH(MAP_TNHN!B13&" (2 tiết)",'PL12'!$S$8)),1,0)+IF(ISNUMBER(SEARCH(MAP_TNHN!B13&" (2 tiết)",'PL12'!$S$9)),1,0)+IF(ISNUMBER(SEARCH(MAP_TNHN!B13&" (2 tiết)",'PL12'!$S$10)),1,0)+IF(ISNUMBER(SEARCH(MAP_TNHN!B13&" (2 tiết)",'PL12'!$S$11)),1,0)+IF(ISNUMBER(SEARCH(MAP_TNHN!B13&" (2 tiết)",'PL12'!$S$12)),1,0)+IF(ISNUMBER(SEARCH(MAP_TNHN!B13&" (2 tiết)",'PL12'!$S$13)),1,0)+IF(ISNUMBER(SEARCH(MAP_TNHN!B13&" (2 tiết)",'PL12'!$S$14)),1,0)+IF(ISNUMBER(SEARCH(MAP_TNHN!B13&" (2 tiết)",'PL12'!$S$15)),1,0)+IF(ISNUMBER(SEARCH(MAP_TNHN!B13&" (2 tiết)",'PL12'!$S$16)),1,0)+IF(ISNUMBER(SEARCH(MAP_TNHN!B13&" (2 tiết)",'PL12'!$S$17)),1,0)+IF(ISNUMBER(SEARCH(MAP_TNHN!B13&" (2 tiết)",'PL12'!$S$18)),1,0)+IF(ISNUMBER(SEARCH(MAP_TNHN!B13&" (2 tiết)",'PL12'!$S$19)),1,0)))) -> 0 | AX13: =IF(N13="",0,IF(MAP_TNHN!C13="",N13*3,N13*3-2*(IF(ISNUMBER(SEARCH(MAP_TNHN!C13&" (1 tiết)",'PL11'!$S$5)),1,0)+IF(ISNUMBER(SEARCH(MAP_TNHN!C13&" (1 tiết)",'PL11'!$S$6)),1,0)+IF(ISNUMBER(SEARCH(MAP_TNHN!C13&" (1 tiết)",'PL11'!$S$7)),1,0)+IF(ISNUMBER(SEARCH(MAP_TNHN!C13&" (1 tiết)",'PL11'!$S$8)),1,0)+IF(ISNUMBER(SEARCH(MAP_TNHN!C13&" (1 tiết)",'PL11'!$S$9)),1,0)+IF(ISNUMBER(SEARCH(MAP_TNHN!C13&" (1 tiết)",'PL11'!$S$10)),1,0)+IF(ISNUMBER(SEARCH(MAP_TNHN!C13&" (1 tiết)",'PL11'!$S$11)),1,0)+IF(ISNUMBER(SEARCH(MAP_TNHN!C13&" (1 tiết)",'PL11'!$S$12)),1,0)+IF(ISNUMBER(SEARCH(MAP_TNHN!C13&" (1 tiết)",'PL11'!$S$13)),1,0)+IF(ISNUMBER(SEARCH(MAP_TNHN!C13&" (1 tiết)",'PL11'!$S$14)),1,0)+IF(ISNUMBER(SEARCH(MAP_TNHN!C13&" (1 tiết)",'PL11'!$S$15)),1,0)+IF(ISNUMBER(SEARCH(MAP_TNHN!C13&" (1 tiết)",'PL11'!$S$16)),1,0)+IF(ISNUMBER(SEARCH(MAP_TNHN!C13&" (1 tiết)",'PL11'!$S$17)),1,0)+IF(ISNUMBER(SEARCH(MAP_TNHN!C13&" (1 tiết)",'PL11'!$S$18)),1,0))-(IF(ISNUMBER(SEARCH(MAP_TNHN!C13&" (2 tiết)",'PL11'!$S$5)),1,0)+IF(ISNUMBER(SEARCH(MAP_TNHN!C13&" (2 tiết)",'PL11'!$S$6)),1,0)+IF(ISNUMBER(SEARCH(MAP_TNHN!C13&" (2 tiết)",'PL11'!$S$7)),1,0)+IF(ISNUMBER(SEARCH(MAP_TNHN!C13&" (2 tiết)",'PL11'!$S$8)),1,0)+IF(ISNUMBER(SEARCH(MAP_TNHN!C13&" (2 tiết)",'PL11'!$S$9)),1,0)+IF(ISNUMBER(SEARCH(MAP_TNHN!C13&" (2 tiết)",'PL11'!$S$10)),1,0)+IF(ISNUMBER(SEARCH(MAP_TNHN!C13&" (2 tiết)",'PL11'!$S$11)),1,0)+IF(ISNUMBER(SEARCH(MAP_TNHN!C13&" (2 tiết)",'PL11'!$S$12)),1,0)+IF(ISNUMBER(SEARCH(MAP_TNHN!C13&" (2 tiết)",'PL11'!$S$13)),1,0)+IF(ISNUMBER(SEARCH(MAP_TNHN!C13&" (2 tiết)",'PL11'!$S$14)),1,0)+IF(ISNUMBER(SEARCH(MAP_TNHN!C13&" (2 tiết)",'PL11'!$S$15)),1,0)+IF(ISNUMBER(SEARCH(MAP_TNHN!C13&" (2 tiết)",'PL11'!$S$16)),1,0)+IF(ISNUMBER(SEARCH(MAP_TNHN!C13&" (2 tiết)",'PL11'!$S$17)),1,0)+IF(ISNUMBER(SEARCH(MAP_TNHN!C13&" (2 tiết)",'PL11'!$S$18)),1,0)))) -> 0 | AY13: =IF(S13="",0,IF(MAP_TNHN!D13="",S13*3,S13*3-2*(IF(ISNUMBER(SEARCH(MAP_TNHN!D13&" (1 tiết)",'PL10'!$S$5)),1,0)+IF(ISNUMBER(SEARCH(MAP_TNHN!D13&" (1 tiết)",'PL10'!$S$6)),1,0)+IF(ISNUMBER(SEARCH(MAP_TNHN!D13&" (1 tiết)",'PL10'!$S$7)),1,0)+IF(ISNUMBER(SEARCH(MAP_TNHN!D13&" (1 tiết)",'PL10'!$S$8)),1,0)+IF(ISNUMBER(SEARCH(MAP_TNHN!D13&" (1 tiết)",'PL10'!$S$9)),1,0)+IF(ISNUMBER(SEARCH(MAP_TNHN!D13&" (1 tiết)",'PL10'!$S$10)),1,0)+IF(ISNUMBER(SEARCH(MAP_TNHN!D13&" (1 tiết)",'PL10'!$S$11)),1,0)+IF(ISNUMBER(SEARCH(MAP_TNHN!D13&" (1 tiết)",'PL10'!$S$12)),1,0)+IF(ISNUMBER(SEARCH(MAP_TNHN!D13&" (1 tiết)",'PL10'!$S$13)),1,0)+IF(ISNUMBER(SEARCH(MAP_TNHN!D13&" (1 tiết)",'PL10'!$S$14)),1,0)+IF(ISNUMBER(SEARCH(MAP_TNHN!D13&" (1 tiết)",'PL10'!$S$15)),1,0)+IF(ISNUMBER(SEARCH(MAP_TNHN!D13&" (1 tiết)",'PL10'!$S$16)),1,0)+IF(ISNUMBER(SEARCH(MAP_TNHN!D13&" (1 tiết)",'PL10'!$S$17)),1,0)+IF(ISNUMBER(SEARCH(MAP_TNHN!D13&" (1 tiết)",'PL10'!$S$18)),1,0)+IF(ISNUMBER(SEARCH(MAP_TNHN!D13&" (1 tiết)",'PL10'!$S$19)),1,0)+IF(ISNUMBER(SEARCH(MAP_TNHN!D13&" (1 tiết)",'PL10'!$S$20)),1,0)+IF(ISNUMBER(SEARCH(MAP_TNHN!D13&" (1 tiết)",'PL10'!$S$21)),1,0)+IF(ISNUMBER(SEARCH(MAP_TNHN!D13&" (1 tiết)",'PL10'!$S$22)),1,0)+IF(ISNUMBER(SEARCH(MAP_TNHN!D13&" (1 tiết)",'PL10'!$S$23)),1,0)+IF(ISNUMBER(SEARCH(MAP_TNHN!D13&" (1 tiết)",'PL10'!$S$24)),1,0)+IF(ISNUMBER(SEARCH(MAP_TNHN!D13&" (1 tiết)",'PL10'!$S$25)),1,0))-(IF(ISNUMBER(SEARCH(MAP_TNHN!D13&" (2 tiết)",'PL10'!$S$5)),1,0)+IF(ISNUMBER(SEARCH(MAP_TNHN!D13&" (2 tiết)",'PL10'!$S$6)),1,0)+IF(ISNUMBER(SEARCH(MAP_TNHN!D13&" (2 tiết)",'PL10'!$S$7)),1,0)+IF(ISNUMBER(SEARCH(MAP_TNHN!D13&" (2 tiết)",'PL10'!$S$8)),1,0)+IF(ISNUMBER(SEARCH(MAP_TNHN!D13&" (2 tiết)",'PL10'!$S$9)),1,0)+IF(ISNUMBER(SEARCH(MAP_TNHN!D13&" (2 tiết)",'PL10'!$S$10)),1,0)+IF(ISNUMBER(SEARCH(MAP_TNHN!D13&" (2 tiết)",'PL10'!$S$11)),1,0)+IF(ISNUMBER(SEARCH(MAP_TNHN!D13&" (2 tiết)",'PL10'!$S$12)),1,0)+IF(ISNUMBER(SEARCH(MAP_TNHN!D13&" (2 tiết)",'PL10'!$S$13)),1,0)+IF(ISNUMBER(SEARCH(MAP_TNHN!D13&" (2 tiết)",'PL10'!$S$14)),1,0)+IF(ISNUMBER(SEARCH(MAP_TNHN!D13&" (2 tiết)",'PL10'!$S$15)),1,0)+IF(ISNUMBER(SEARCH(MAP_TNHN!D13&" (2 tiết)",'PL10'!$S$16)),1,0)+IF(ISNUMBER(SEARCH(MAP_TNHN!D13&" (2 tiết)",'PL10'!$S$17)),1,0)+IF(ISNUMBER(SEARCH(MAP_TNHN!D13&" (2 tiết)",'PL10'!$S$18)),1,0)+IF(ISNUMBER(SEARCH(MAP_TNHN!D13&" (2 tiết)",'PL10'!$S$19)),1,0)+IF(ISNUMBER(SEARCH(MAP_TNHN!D13&" (2 tiết)",'PL10'!$S$20)),1,0)+IF(ISNUMBER(SEARCH(MAP_TNHN!D13&" (2 tiết)",'PL10'!$S$21)),1,0)+IF(ISNUMBER(SEARCH(MAP_TNHN!D13&" (2 tiết)",'PL10'!$S$22)),1,0)+IF(ISNUMBER(SEARCH(MAP_TNHN!D13&" (2 tiết)",'PL10'!$S$23)),1,0)+IF(ISNUMBER(SEARCH(MAP_TNHN!D13&" (2 tiết)",'PL10'!$S$24)),1,0)+IF(ISNUMBER(SEARCH(MAP_TNHN!D13&" (2 tiết)",'PL10'!$S$25)),1,0)))) -> 0
B14: 9 | C14: LÊ THỊ TƯỜNG VY | D14: 12 | E14: 2 | F14: 1 | H14: 1 | J14: 1 | P14: 3 | U14: =E14*'Phân tiết'!$M$7+G14*('Phân tiết'!$M$21/3)+H14*'Phân tiết'!$L$26+AW14+J14*'Phân tiết'!$M$20+K14*'Phân tiết'!$I$7+M14*('Phân tiết'!$I$21/3)+AX14+O14*'Phân tiết'!$I$20+P14*'Phân tiết'!$E$7+R14*('Phân tiết'!$E$21/3)+AY14+T14*'Phân tiết'!$E$20 -> 18 | V14: =F14*4+L14*4+Q14*4 -> 4 | Z14: =SUM(U14:Y14) -> 22 | AA14: =Z14-17 -> 5 | AB14: 2 | AC14: 7 | AD14: =AB14*AC14*1.5 -> 21 | AG14: =AE14*AF14*1.5 -> 0 | AJ14: =AH14*AI14 -> 0 | AK14: =AA14*33+AD14+AG14+AJ14 -> 186 | AL14: Olympic 11 | AN14: X | AO14: X | AP14: X | AQ14: X | AR14: X | AT14: X | AW14: =IF(I14="",0,IF(MAP_TNHN!B14="",I14*3,I14*3-2*(IF(ISNUMBER(SEARCH(MAP_TNHN!B14&" (1 tiết)",'PL12'!$S$5)),1,0)+IF(ISNUMBER(SEARCH(MAP_TNHN!B14&" (1 tiết)",'PL12'!$S$6)),1,0)+IF(ISNUMBER(SEARCH(MAP_TNHN!B14&" (1 tiết)",'PL12'!$S$7)),1,0)+IF(ISNUMBER(SEARCH(MAP_TNHN!B14&" (1 tiết)",'PL12'!$S$8)),1,0)+IF(ISNUMBER(SEARCH(MAP_TNHN!B14&" (1 tiết)",'PL12'!$S$9)),1,0)+IF(ISNUMBER(SEARCH(MAP_TNHN!B14&" (1 tiết)",'PL12'!$S$10)),1,0)+IF(ISNUMBER(SEARCH(MAP_TNHN!B14&" (1 tiết)",'PL12'!$S$11)),1,0)+IF(ISNUMBER(SEARCH(MAP_TNHN!B14&" (1 tiết)",'PL12'!$S$12)),1,0)+IF(ISNUMBER(SEARCH(MAP_TNHN!B14&" (1 tiết)",'PL12'!$S$13)),1,0)+IF(ISNUMBER(SEARCH(MAP_TNHN!B14&" (1 tiết)",'PL12'!$S$14)),1,0)+IF(ISNUMBER(SEARCH(MAP_TNHN!B14&" (1 tiết)",'PL12'!$S$15)),1,0)+IF(ISNUMBER(SEARCH(MAP_TNHN!B14&" (1 tiết)",'PL12'!$S$16)),1,0)+IF(ISNUMBER(SEARCH(MAP_TNHN!B14&" (1 tiết)",'PL12'!$S$17)),1,0)+IF(ISNUMBER(SEARCH(MAP_TNHN!B14&" (1 tiết)",'PL12'!$S$18)),1,0)+IF(ISNUMBER(SEARCH(MAP_TNHN!B14&" (1 tiết)",'PL12'!$S$19)),1,0))-(IF(ISNUMBER(SEARCH(MAP_TNHN!B14&" (2 tiết)",'PL12'!$S$5)),1,0)+IF(ISNUMBER(SEARCH(MAP_TNHN!B14&" (2 tiết)",'PL12'!$S$6)),1,0)+IF(ISNUMBER(SEARCH(MAP_TNHN!B14&" (2 tiết)",'PL12'!$S$7)),1,0)+IF(ISNUMBER(SEARCH(MAP_TNHN!B14&" (2 tiết)",'PL12'!$S$8)),1,0)+IF(ISNUMBER(SEARCH(MAP_TNHN!B14&" (2 tiết)",'PL12'!$S$9)),1,0)+IF(ISNUMBER(SEARCH(MAP_TNHN!B14&" (2 tiết)",'PL12'!$S$10)),1,0)+IF(ISNUMBER(SEARCH(MAP_TNHN!B14&" (2 tiết)",'PL12'!$S$11)),1,0)+IF(ISNUMBER(SEARCH(MAP_TNHN!B14&" (2 tiết)",'PL12'!$S$12)),1,0)+IF(ISNUMBER(SEARCH(MAP_TNHN!B14&" (2 tiết)",'PL12'!$S$13)),1,0)+IF(ISNUMBER(SEARCH(MAP_TNHN!B14&" (2 tiết)",'PL12'!$S$14)),1,0)+IF(ISNUMBER(SEARCH(MAP_TNHN!B14&" (2 tiết)",'PL12'!$S$15)),1,0)+IF(ISNUMBER(SEARCH(MAP_TNHN!B14&" (2 tiết)",'PL12'!$S$16)),1,0)+IF(ISNUMBER(SEARCH(MAP_TNHN!B14&" (2 tiết)",'PL12'!$S$17)),1,0)+IF(ISNUMBER(SEARCH(MAP_TNHN!B14&" (2 tiết)",'PL12'!$S$18)),1,0)+IF(ISNUMBER(SEARCH(MAP_TNHN!B14&" (2 tiết)",'PL12'!$S$19)),1,0)))) -> 0 | AX14: =IF(N14="",0,IF(MAP_TNHN!C14="",N14*3,N14*3-2*(IF(ISNUMBER(SEARCH(MAP_TNHN!C14&" (1 tiết)",'PL11'!$S$5)),1,0)+IF(ISNUMBER(SEARCH(MAP_TNHN!C14&" (1 tiết)",'PL11'!$S$6)),1,0)+IF(ISNUMBER(SEARCH(MAP_TNHN!C14&" (1 tiết)",'PL11'!$S$7)),1,0)+IF(ISNUMBER(SEARCH(MAP_TNHN!C14&" (1 tiết)",'PL11'!$S$8)),1,0)+IF(ISNUMBER(SEARCH(MAP_TNHN!C14&" (1 tiết)",'PL11'!$S$9)),1,0)+IF(ISNUMBER(SEARCH(MAP_TNHN!C14&" (1 tiết)",'PL11'!$S$10)),1,0)+IF(ISNUMBER(SEARCH(MAP_TNHN!C14&" (1 tiết)",'PL11'!$S$11)),1,0)+IF(ISNUMBER(SEARCH(MAP_TNHN!C14&" (1 tiết)",'PL11'!$S$12)),1,0)+IF(ISNUMBER(SEARCH(MAP_TNHN!C14&" (1 tiết)",'PL11'!$S$13)),1,0)+IF(ISNUMBER(SEARCH(MAP_TNHN!C14&" (1 tiết)",'PL11'!$S$14)),1,0)+IF(ISNUMBER(SEARCH(MAP_TNHN!C14&" (1 tiết)",'PL11'!$S$15)),1,0)+IF(ISNUMBER(SEARCH(MAP_TNHN!C14&" (1 tiết)",'PL11'!$S$16)),1,0)+IF(ISNUMBER(SEARCH(MAP_TNHN!C14&" (1 tiết)",'PL11'!$S$17)),1,0)+IF(ISNUMBER(SEARCH(MAP_TNHN!C14&" (1 tiết)",'PL11'!$S$18)),1,0))-(IF(ISNUMBER(SEARCH(MAP_TNHN!C14&" (2 tiết)",'PL11'!$S$5)),1,0)+IF(ISNUMBER(SEARCH(MAP_TNHN!C14&" (2 tiết)",'PL11'!$S$6)),1,0)+IF(ISNUMBER(SEARCH(MAP_TNHN!C14&" (2 tiết)",'PL11'!$S$7)),1,0)+IF(ISNUMBER(SEARCH(MAP_TNHN!C14&" (2 tiết)",'PL11'!$S$8)),1,0)+IF(ISNUMBER(SEARCH(MAP_TNHN!C14&" (2 tiết)",'PL11'!$S$9)),1,0)+IF(ISNUMBER(SEARCH(MAP_TNHN!C14&" (2 tiết)",'PL11'!$S$10)),1,0)+IF(ISNUMBER(SEARCH(MAP_TNHN!C14&" (2 tiết)",'PL11'!$S$11)),1,0)+IF(ISNUMBER(SEARCH(MAP_TNHN!C14&" (2 tiết)",'PL11'!$S$12)),1,0)+IF(ISNUMBER(SEARCH(MAP_TNHN!C14&" (2 tiết)",'PL11'!$S$13)),1,0)+IF(ISNUMBER(SEARCH(MAP_TNHN!C14&" (2 tiết)",'PL11'!$S$14)),1,0)+IF(ISNUMBER(SEARCH(MAP_TNHN!C14&" (2 tiết)",'PL11'!$S$15)),1,0)+IF(ISNUMBER(SEARCH(MAP_TNHN!C14&" (2 tiết)",'PL11'!$S$16)),1,0)+IF(ISNUMBER(SEARCH(MAP_TNHN!C14&" (2 tiết)",'PL11'!$S$17)),1,0)+IF(ISNUMBER(SEARCH(MAP_TNHN!C14&" (2 tiết)",'PL11'!$S$18)),1,0)))) -> 0 | AY14: =IF(S14="",0,IF(MAP_TNHN!D14="",S14*3,S14*3-2*(IF(ISNUMBER(SEARCH(MAP_TNHN!D14&" (1 tiết)",'PL10'!$S$5)),1,0)+IF(ISNUMBER(SEARCH(MAP_TNHN!D14&" (1 tiết)",'PL10'!$S$6)),1,0)+IF(ISNUMBER(SEARCH(MAP_TNHN!D14&" (1 tiết)",'PL10'!$S$7)),1,0)+IF(ISNUMBER(SEARCH(MAP_TNHN!D14&" (1 tiết)",'PL10'!$S$8)),1,0)+IF(ISNUMBER(SEARCH(MAP_TNHN!D14&" (1 tiết)",'PL10'!$S$9)),1,0)+IF(ISNUMBER(SEARCH(MAP_TNHN!D14&" (1 tiết)",'PL10'!$S$10)),1,0)+IF(ISNUMBER(SEARCH(MAP_TNHN!D14&" (1 tiết)",'PL10'!$S$11)),1,0)+IF(ISNUMBER(SEARCH(MAP_TNHN!D14&" (1 tiết)",'PL10'!$S$12)),1,0)+IF(ISNUMBER(SEARCH(MAP_TNHN!D14&" (1 tiết)",'PL10'!$S$13)),1,0)+IF(ISNUMBER(SEARCH(MAP_TNHN!D14&" (1 tiết)",'PL10'!$S$14)),1,0)+IF(ISNUMBER(SEARCH(MAP_TNHN!D14&" (1 tiết)",'PL10'!$S$15)),1,0)+IF(ISNUMBER(SEARCH(MAP_TNHN!D14&" (1 tiết)",'PL10'!$S$16)),1,0)+IF(ISNUMBER(SEARCH(MAP_TNHN!D14&" (1 tiết)",'PL10'!$S$17)),1,0)+IF(ISNUMBER(SEARCH(MAP_TNHN!D14&" (1 tiết)",'PL10'!$S$18)),1,0)+IF(ISNUMBER(SEARCH(MAP_TNHN!D14&" (1 tiết)",'PL10'!$S$19)),1,0)+IF(ISNUMBER(SEARCH(MAP_TNHN!D14&" (1 tiết)",'PL10'!$S$20)),1,0)+IF(ISNUMBER(SEARCH(MAP_TNHN!D14&" (1 tiết)",'PL10'!$S$21)),1,0)+IF(ISNUMBER(SEARCH(MAP_TNHN!D14&" (1 tiết)",'PL10'!$S$22)),1,0)+IF(ISNUMBER(SEARCH(MAP_TNHN!D14&" (1 tiết)",'PL10'!$S$23)),1,0)+IF(ISNUMBER(SEARCH(MAP_TNHN!D14&" (1 tiết)",'PL10'!$S$24)),1,0)+IF(ISNUMBER(SEARCH(MAP_TNHN!D14&" (1 tiết)",'PL10'!$S$25)),1,0))-(IF(ISNUMBER(SEARCH(MAP_TNHN!D14&" (2 tiết)",'PL10'!$S$5)),1,0)+IF(ISNUMBER(SEARCH(MAP_TNHN!D14&" (2 tiết)",'PL10'!$S$6)),1,0)+IF(ISNUMBER(SEARCH(MAP_TNHN!D14&" (2 tiết)",'PL10'!$S$7)),1,0)+IF(ISNUMBER(SEARCH(MAP_TNHN!D14&" (2 tiết)",'PL10'!$S$8)),1,0)+IF(ISNUMBER(SEARCH(MAP_TNHN!D14&" (2 tiết)",'PL10'!$S$9)),1,0)+IF(ISNUMBER(SEARCH(MAP_TNHN!D14&" (2 tiết)",'PL10'!$S$10)),1,0)+IF(ISNUMBER(SEARCH(MAP_TNHN!D14&" (2 tiết)",'PL10'!$S$11)),1,0)+IF(ISNUMBER(SEARCH(MAP_TNHN!D14&" (2 tiết)",'PL10'!$S$12)),1,0)+IF(ISNUMBER(SEARCH(MAP_TNHN!D14&" (2 tiết)",'PL10'!$S$13)),1,0)+IF(ISNUMBER(SEARCH(MAP_TNHN!D14&" (2 tiết)",'PL10'!$S$14)),1,0)+IF(ISNUMBER(SEARCH(MAP_TNHN!D14&" (2 tiết)",'PL10'!$S$15)),1,0)+IF(ISNUMBER(SEARCH(MAP_TNHN!D14&" (2 tiết)",'PL10'!$S$16)),1,0)+IF(ISNUMBER(SEARCH(MAP_TNHN!D14&" (2 tiết)",'PL10'!$S$17)),1,0)+IF(ISNUMBER(SEARCH(MAP_TNHN!D14&" (2 tiết)",'PL10'!$S$18)),1,0)+IF(ISNUMBER(SEARCH(MAP_TNHN!D14&" (2 tiết)",'PL10'!$S$19)),1,0)+IF(ISNUMBER(SEARCH(MAP_TNHN!D14&" (2 tiết)",'PL10'!$S$20)),1,0)+IF(ISNUMBER(SEARCH(MAP_TNHN!D14&" (2 tiết)",'PL10'!$S$21)),1,0)+IF(ISNUMBER(SEARCH(MAP_TNHN!D14&" (2 tiết)",'PL10'!$S$22)),1,0)+IF(ISNUMBER(SEARCH(MAP_TNHN!D14&" (2 tiết)",'PL10'!$S$23)),1,0)+IF(ISNUMBER(SEARCH(MAP_TNHN!D14&" (2 tiết)",'PL10'!$S$24)),1,0)+IF(ISNUMBER(SEARCH(MAP_TNHN!D14&" (2 tiết)",'PL10'!$S$25)),1,0)))) -> 0
B15: 10 | C15: NGUYỄN THỊ THUỲ DƯƠNG | D15: 12 | E15: 2 | F15: 1 | H15: 2 | K15: 1 | P15: 2 | U15: =E15*'Phân tiết'!$M$7+G15*('Phân tiết'!$M$21/3)+H15*'Phân tiết'!$L$26+AW15+J15*'Phân tiết'!$M$20+K15*'Phân tiết'!$I$7+M15*('Phân tiết'!$I$21/3)+AX15+O15*'Phân tiết'!$I$20+P15*'Phân tiết'!$E$7+R15*('Phân tiết'!$E$21/3)+AY15+T15*'Phân tiết'!$E$20 -> 19 | V15: =F15*4+L15*4+Q15*4 -> 4 | X15: UV BCH | Y15: 1 | Z15: =SUM(U15:Y15) -> 24 | AA15: =Z15-17 -> 7 | AB15: 2 | AC15: 20 | AD15: =AB15*AC15*1.5 -> 60 | AG15: =AE15*AF15*1.5 -> 0 | AJ15: =AH15*AI15 -> 0 | AK15: =AA15*33+AD15+AG15+AJ15 -> 291 | AL15: HSG 12 | AN15: X | AO15: X | AP15: X | AQ15: X | AR15: X | AT15: X | AW15: =IF(I15="",0,IF(MAP_TNHN!B15="",I15*3,I15*3-2*(IF(ISNUMBER(SEARCH(MAP_TNHN!B15&" (1 tiết)",'PL12'!$S$5)),1,0)+IF(ISNUMBER(SEARCH(MAP_TNHN!B15&" (1 tiết)",'PL12'!$S$6)),1,0)+IF(ISNUMBER(SEARCH(MAP_TNHN!B15&" (1 tiết)",'PL12'!$S$7)),1,0)+IF(ISNUMBER(SEARCH(MAP_TNHN!B15&" (1 tiết)",'PL12'!$S$8)),1,0)+IF(ISNUMBER(SEARCH(MAP_TNHN!B15&" (1 tiết)",'PL12'!$S$9)),1,0)+IF(ISNUMBER(SEARCH(MAP_TNHN!B15&" (1 tiết)",'PL12'!$S$10)),1,0)+IF(ISNUMBER(SEARCH(MAP_TNHN!B15&" (1 tiết)",'PL12'!$S$11)),1,0)+IF(ISNUMBER(SEARCH(MAP_TNHN!B15&" (1 tiết)",'PL12'!$S$12)),1,0)+IF(ISNUMBER(SEARCH(MAP_TNHN!B15&" (1 tiết)",'PL12'!$S$13)),1,0)+IF(ISNUMBER(SEARCH(MAP_TNHN!B15&" (1 tiết)",'PL12'!$S$14)),1,0)+IF(ISNUMBER(SEARCH(MAP_TNHN!B15&" (1 tiết)",'PL12'!$S$15)),1,0)+IF(ISNUMBER(SEARCH(MAP_TNHN!B15&" (1 tiết)",'PL12'!$S$16)),1,0)+IF(ISNUMBER(SEARCH(MAP_TNHN!B15&" (1 tiết)",'PL12'!$S$17)),1,0)+IF(ISNUMBER(SEARCH(MAP_TNHN!B15&" (1 tiết)",'PL12'!$S$18)),1,0)+IF(ISNUMBER(SEARCH(MAP_TNHN!B15&" (1 tiết)",'PL12'!$S$19)),1,0))-(IF(ISNUMBER(SEARCH(MAP_TNHN!B15&" (2 tiết)",'PL12'!$S$5)),1,0)+IF(ISNUMBER(SEARCH(MAP_TNHN!B15&" (2 tiết)",'PL12'!$S$6)),1,0)+IF(ISNUMBER(SEARCH(MAP_TNHN!B15&" (2 tiết)",'PL12'!$S$7)),1,0)+IF(ISNUMBER(SEARCH(MAP_TNHN!B15&" (2 tiết)",'PL12'!$S$8)),1,0)+IF(ISNUMBER(SEARCH(MAP_TNHN!B15&" (2 tiết)",'PL12'!$S$9)),1,0)+IF(ISNUMBER(SEARCH(MAP_TNHN!B15&" (2 tiết)",'PL12'!$S$10)),1,0)+IF(ISNUMBER(SEARCH(MAP_TNHN!B15&" (2 tiết)",'PL12'!$S$11)),1,0)+IF(ISNUMBER(SEARCH(MAP_TNHN!B15&" (2 tiết)",'PL12'!$S$12)),1,0)+IF(ISNUMBER(SEARCH(MAP_TNHN!B15&" (2 tiết)",'PL12'!$S$13)),1,0)+IF(ISNUMBER(SEARCH(MAP_TNHN!B15&" (2 tiết)",'PL12'!$S$14)),1,0)+IF(ISNUMBER(SEARCH(MAP_TNHN!B15&" (2 tiết)",'PL12'!$S$15)),1,0)+IF(ISNUMBER(SEARCH(MAP_TNHN!B15&" (2 tiết)",'PL12'!$S$16)),1,0)+IF(ISNUMBER(SEARCH(MAP_TNHN!B15&" (2 tiết)",'PL12'!$S$17)),1,0)+IF(ISNUMBER(SEARCH(MAP_TNHN!B15&" (2 tiết)",'PL12'!$S$18)),1,0)+IF(ISNUMBER(SEARCH(MAP_TNHN!B15&" (2 tiết)",'PL12'!$S$19)),1,0)))) -> 0 | AX15: =IF(N15="",0,IF(MAP_TNHN!C15="",N15*3,N15*3-2*(IF(ISNUMBER(SEARCH(MAP_TNHN!C15&" (1 tiết)",'PL11'!$S$5)),1,0)+IF(ISNUMBER(SEARCH(MAP_TNHN!C15&" (1 tiết)",'PL11'!$S$6)),1,0)+IF(ISNUMBER(SEARCH(MAP_TNHN!C15&" (1 tiết)",'PL11'!$S$7)),1,0)+IF(ISNUMBER(SEARCH(MAP_TNHN!C15&" (1 tiết)",'PL11'!$S$8)),1,0)+IF(ISNUMBER(SEARCH(MAP_TNHN!C15&" (1 tiết)",'PL11'!$S$9)),1,0)+IF(ISNUMBER(SEARCH(MAP_TNHN!C15&" (1 tiết)",'PL11'!$S$10)),1,0)+IF(ISNUMBER(SEARCH(MAP_TNHN!C15&" (1 tiết)",'PL11'!$S$11)),1,0)+IF(ISNUMBER(SEARCH(MAP_TNHN!C15&" (1 tiết)",'PL11'!$S$12)),1,0)+IF(ISNUMBER(SEARCH(MAP_TNHN!C15&" (1 tiết)",'PL11'!$S$13)),1,0)+IF(ISNUMBER(SEARCH(MAP_TNHN!C15&" (1 tiết)",'PL11'!$S$14)),1,0)+IF(ISNUMBER(SEARCH(MAP_TNHN!C15&" (1 tiết)",'PL11'!$S$15)),1,0)+IF(ISNUMBER(SEARCH(MAP_TNHN!C15&" (1 tiết)",'PL11'!$S$16)),1,0)+IF(ISNUMBER(SEARCH(MAP_TNHN!C15&" (1 tiết)",'PL11'!$S$17)),1,0)+IF(ISNUMBER(SEARCH(MAP_TNHN!C15&" (1 tiết)",'PL11'!$S$18)),1,0))-(IF(ISNUMBER(SEARCH(MAP_TNHN!C15&" (2 tiết)",'PL11'!$S$5)),1,0)+IF(ISNUMBER(SEARCH(MAP_TNHN!C15&" (2 tiết)",'PL11'!$S$6)),1,0)+IF(ISNUMBER(SEARCH(MAP_TNHN!C15&" (2 tiết)",'PL11'!$S$7)),1,0)+IF(ISNUMBER(SEARCH(MAP_TNHN!C15&" (2 tiết)",'PL11'!$S$8)),1,0)+IF(ISNUMBER(SEARCH(MAP_TNHN!C15&" (2 tiết)",'PL11'!$S$9)),1,0)+IF(ISNUMBER(SEARCH(MAP_TNHN!C15&" (2 tiết)",'PL11'!$S$10)),1,0)+IF(ISNUMBER(SEARCH(MAP_TNHN!C15&" (2 tiết)",'PL11'!$S$11)),1,0)+IF(ISNUMBER(SEARCH(MAP_TNHN!C15&" (2 tiết)",'PL11'!$S$12)),1,0)+IF(ISNUMBER(SEARCH(MAP_TNHN!C15&" (2 tiết)",'PL11'!$S$13)),1,0)+IF(ISNUMBER(SEARCH(MAP_TNHN!C15&" (2 tiết)",'PL11'!$S$14)),1,0)+IF(ISNUMBER(SEARCH(MAP_TNHN!C15&" (2 tiết)",'PL11'!$S$15)),1,0)+IF(ISNUMBER(SEARCH(MAP_TNHN!C15&" (2 tiết)",'PL11'!$S$16)),1,0)+IF(ISNUMBER(SEARCH(MAP_TNHN!C15&" (2 tiết)",'PL11'!$S$17)),1,0)+IF(ISNUMBER(SEARCH(MAP_TNHN!C15&" (2 tiết)",'PL11'!$S$18)),1,0)))) -> 0 | AY15: =IF(S15="",0,IF(MAP_TNHN!D15="",S15*3,S15*3-2*(IF(ISNUMBER(SEARCH(MAP_TNHN!D15&" (1 tiết)",'PL10'!$S$5)),1,0)+IF(ISNUMBER(SEARCH(MAP_TNHN!D15&" (1 tiết)",'PL10'!$S$6)),1,0)+IF(ISNUMBER(SEARCH(MAP_TNHN!D15&" (1 tiết)",'PL10'!$S$7)),1,0)+IF(ISNUMBER(SEARCH(MAP_TNHN!D15&" (1 tiết)",'PL10'!$S$8)),1,0)+IF(ISNUMBER(SEARCH(MAP_TNHN!D15&" (1 tiết)",'PL10'!$S$9)),1,0)+IF(ISNUMBER(SEARCH(MAP_TNHN!D15&" (1 tiết)",'PL10'!$S$10)),1,0)+IF(ISNUMBER(SEARCH(MAP_TNHN!D15&" (1 tiết)",'PL10'!$S$11)),1,0)+IF(ISNUMBER(SEARCH(MAP_TNHN!D15&" (1 tiết)",'PL10'!$S$12)),1,0)+IF(ISNUMBER(SEARCH(MAP_TNHN!D15&" (1 tiết)",'PL10'!$S$13)),1,0)+IF(ISNUMBER(SEARCH(MAP_TNHN!D15&" (1 tiết)",'PL10'!$S$14)),1,0)+IF(ISNUMBER(SEARCH(MAP_TNHN!D15&" (1 tiết)",'PL10'!$S$15)),1,0)+IF(ISNUMBER(SEARCH(MAP_TNHN!D15&" (1 tiết)",'PL10'!$S$16)),1,0)+IF(ISNUMBER(SEARCH(MAP_TNHN!D15&" (1 tiết)",'PL10'!$S$17)),1,0)+IF(ISNUMBER(SEARCH(MAP_TNHN!D15&" (1 tiết)",'PL10'!$S$18)),1,0)+IF(ISNUMBER(SEARCH(MAP_TNHN!D15&" (1 tiết)",'PL10'!$S$19)),1,0)+IF(ISNUMBER(SEARCH(MAP_TNHN!D15&" (1 tiết)",'PL10'!$S$20)),1,0)+IF(ISNUMBER(SEARCH(MAP_TNHN!D15&" (1 tiết)",'PL10'!$S$21)),1,0)+IF(ISNUMBER(SEARCH(MAP_TNHN!D15&" (1 tiết)",'PL10'!$S$22)),1,0)+IF(ISNUMBER(SEARCH(MAP_TNHN!D15&" (1 tiết)",'PL10'!$S$23)),1,0)+IF(ISNUMBER(SEARCH(MAP_TNHN!D15&" (1 tiết)",'PL10'!$S$24)),1,0)+IF(ISNUMBER(SEARCH(MAP_TNHN!D15&" (1 tiết)",'PL10'!$S$25)),1,0))-(IF(ISNUMBER(SEARCH(MAP_TNHN!D15&" (2 tiết)",'PL10'!$S$5)),1,0)+IF(ISNUMBER(SEARCH(MAP_TNHN!D15&" (2 tiết)",'PL10'!$S$6)),1,0)+IF(ISNUMBER(SEARCH(MAP_TNHN!D15&" (2 tiết)",'PL10'!$S$7)),1,0)+IF(ISNUMBER(SEARCH(MAP_TNHN!D15&" (2 tiết)",'PL10'!$S$8)),1,0)+IF(ISNUMBER(SEARCH(MAP_TNHN!D15&" (2 tiết)",'PL10'!$S$9)),1,0)+IF(ISNUMBER(SEARCH(MAP_TNHN!D15&" (2 tiết)",'PL10'!$S$10)),1,0)+IF(ISNUMBER(SEARCH(MAP_TNHN!D15&" (2 tiết)",'PL10'!$S$11)),1,0)+IF(ISNUMBER(SEARCH(MAP_TNHN!D15&" (2 tiết)",'PL10'!$S$12)),1,0)+IF(ISNUMBER(SEARCH(MAP_TNHN!D15&" (2 tiết)",'PL10'!$S$13)),1,0)+IF(ISNUMBER(SEARCH(MAP_TNHN!D15&" (2 tiết)",'PL10'!$S$14)),1,0)+IF(ISNUMBER(SEARCH(MAP_TNHN!D15&" (2 tiết)",'PL10'!$S$15)),1,0)+IF(ISNUMBER(SEARCH(MAP_TNHN!D15&" (2 tiết)",'PL10'!$S$16)),1,0)+IF(ISNUMBER(SEARCH(MAP_TNHN!D15&" (2 tiết)",'PL10'!$S$17)),1,0)+IF(ISNUMBER(SEARCH(MAP_TNHN!D15&" (2 tiết)",'PL10'!$S$18)),1,0)+IF(ISNUMBER(SEARCH(MAP_TNHN!D15&" (2 tiết)",'PL10'!$S$19)),1,0)+IF(ISNUMBER(SEARCH(MAP_TNHN!D15&" (2 tiết)",'PL10'!$S$20)),1,0)+IF(ISNUMBER(SEARCH(MAP_TNHN!D15&" (2 tiết)",'PL10'!$S$21)),1,0)+IF(ISNUMBER(SEARCH(MAP_TNHN!D15&" (2 tiết)",'PL10'!$S$22)),1,0)+IF(ISNUMBER(SEARCH(MAP_TNHN!D15&" (2 tiết)",'PL10'!$S$23)),1,0)+IF(ISNUMBER(SEARCH(MAP_TNHN!D15&" (2 tiết)",'PL10'!$S$24)),1,0)+IF(ISNUMBER(SEARCH(MAP_TNHN!D15&" (2 tiết)",'PL10'!$S$25)),1,0)))) -> 0
C16: Số lớp | E16: =SUM(E6:E15) -> 15 | G16: =SUM(G6:G15) -> 0 | H16: =SUM(H6:H15) -> 10 | K16: =SUM(K6:K15) -> 17 | M16: =SUM(M6:M15) -> 0 | P16: =SUM(P6:P15) -> 21 | R16: =SUM(R6:R15) -> 0 | AD16: =AB16*AC16*1.5 -> 0 | AG16: =AE16*AF16*1.5 -> 0 | AK16: =AA16*33+AD16+AG16+AJ16 -> 0
A17: ĐỊA LÍ | B17: 1 | C17: ĐÀO THỊ THÀNH | E17: 4 | G17: 1 | H17: 1 | P17: 2 | R17: 2 | U17: =E17*('Phân tiết'!$M$18/4)+G17*('Phân tiết'!$M$21/3)+H17*'Phân tiết'!$L$26+AW17+J17*'Phân tiết'!$M$20+K17*('Phân tiết'!$I$18/4)+M17*('Phân tiết'!$I$21/3)+AX17+O17*'Phân tiết'!$I$20+P17*('Phân tiết'!$E$18/4)+R17*('Phân tiết'!$E$21/3)+AY17+T17*'Phân tiết'!$E$20 -> 17 | V17: =F17*4+L17*4+Q17*4 -> 0 | W17: TTCM | Y17: 3 | Z17: =SUM(U17:Y17) -> 20 | AA17: =Z17-17 -> 3 | AB17: 2 | AC17: 20 | AD17: =AB17*AC17*1.5 -> 60 | AG17: =AE17*AF17*1.5 -> 0 | AJ17: =AH17*AI17 -> 0 | AK17: =AA17*33+AD17+AG17+AJ17 -> 159 | AL17: HSG 12 | AO17: X | AP17: X | AQ17: X | AR17: X | AT17: X | AW17: =IF(I17="",0,IF(MAP_TNHN!B17="",I17*3,I17*3-2*(IF(ISNUMBER(SEARCH(MAP_TNHN!B17&" (1 tiết)",'PL12'!$S$5)),1,0)+IF(ISNUMBER(SEARCH(MAP_TNHN!B17&" (1 tiết)",'PL12'!$S$6)),1,0)+IF(ISNUMBER(SEARCH(MAP_TNHN!B17&" (1 tiết)",'PL12'!$S$7)),1,0)+IF(ISNUMBER(SEARCH(MAP_TNHN!B17&" (1 tiết)",'PL12'!$S$8)),1,0)+IF(ISNUMBER(SEARCH(MAP_TNHN!B17&" (1 tiết)",'PL12'!$S$9)),1,0)+IF(ISNUMBER(SEARCH(MAP_TNHN!B17&" (1 tiết)",'PL12'!$S$10)),1,0)+IF(ISNUMBER(SEARCH(MAP_TNHN!B17&" (1 tiết)",'PL12'!$S$11)),1,0)+IF(ISNUMBER(SEARCH(MAP_TNHN!B17&" (1 tiết)",'PL12'!$S$12)),1,0)+IF(ISNUMBER(SEARCH(MAP_TNHN!B17&" (1 tiết)",'PL12'!$S$13)),1,0)+IF(ISNUMBER(SEARCH(MAP_TNHN!B17&" (1 tiết)",'PL12'!$S$14)),1,0)+IF(ISNUMBER(SEARCH(MAP_TNHN!B17&" (1 tiết)",'PL12'!$S$15)),1,0)+IF(ISNUMBER(SEARCH(MAP_TNHN!B17&" (1 tiết)",'PL12'!$S$16)),1,0)+IF(ISNUMBER(SEARCH(MAP_TNHN!B17&" (1 tiết)",'PL12'!$S$17)),1,0)+IF(ISNUMBER(SEARCH(MAP_TNHN!B17&" (1 tiết)",'PL12'!$S$18)),1,0)+IF(ISNUMBER(SEARCH(MAP_TNHN!B17&" (1 tiết)",'PL12'!$S$19)),1,0))-(IF(ISNUMBER(SEARCH(MAP_TNHN!B17&" (2 tiết)",'PL12'!$S$5)),1,0)+IF(ISNUMBER(SEARCH(MAP_TNHN!B17&" (2 tiết)",'PL12'!$S$6)),1,0)+IF(ISNUMBER(SEARCH(MAP_TNHN!B17&" (2 tiết)",'PL12'!$S$7)),1,0)+IF(ISNUMBER(SEARCH(MAP_TNHN!B17&" (2 tiết)",'PL12'!$S$8)),1,0)+IF(ISNUMBER(SEARCH(MAP_TNHN!B17&" (2 tiết)",'PL12'!$S$9)),1,0)+IF(ISNUMBER(SEARCH(MAP_TNHN!B17&" (2 tiết)",'PL12'!$S$10)),1,0)+IF(ISNUMBER(SEARCH(MAP_TNHN!B17&" (2 tiết)",'PL12'!$S$11)),1,0)+IF(ISNUMBER(SEARCH(MAP_TNHN!B17&" (2 tiết)",'PL12'!$S$12)),1,0)+IF(ISNUMBER(SEARCH(MAP_TNHN!B17&" (2 tiết)",'PL12'!$S$13)),1,0)+IF(ISNUMBER(SEARCH(MAP_TNHN!B17&" (2 tiết)",'PL12'!$S$14)),1,0)+IF(ISNUMBER(SEARCH(MAP_TNHN!B17&" (2 tiết)",'PL12'!$S$15)),1,0)+IF(ISNUMBER(SEARCH(MAP_TNHN!B17&" (2 tiết)",'PL12'!$S$16)),1,0)+IF(ISNUMBER(SEARCH(MAP_TNHN!B17&" (2 tiết)",'PL12'!$S$17)),1,0)+IF(ISNUMBER(SEARCH(MAP_TNHN!B17&" (2 tiết)",'PL12'!$S$18)),1,0)+IF(ISNUMBER(SEARCH(MAP_TNHN!B17&" (2 tiết)",'PL12'!$S$19)),1,0)))) -> 0 | AX17: =IF(N17="",0,IF(MAP_TNHN!C17="",N17*3,N17*3-2*(IF(ISNUMBER(SEARCH(MAP_TNHN!C17&" (1 tiết)",'PL11'!$S$5)),1,0)+IF(ISNUMBER(SEARCH(MAP_TNHN!C17&" (1 tiết)",'PL11'!$S$6)),1,0)+IF(ISNUMBER(SEARCH(MAP_TNHN!C17&" (1 tiết)",'PL11'!$S$7)),1,0)+IF(ISNUMBER(SEARCH(MAP_TNHN!C17&" (1 tiết)",'PL11'!$S$8)),1,0)+IF(ISNUMBER(SEARCH(MAP_TNHN!C17&" (1 tiết)",'PL11'!$S$9)),1,0)+IF(ISNUMBER(SEARCH(MAP_TNHN!C17&" (1 tiết)",'PL11'!$S$10)),1,0)+IF(ISNUMBER(SEARCH(MAP_TNHN!C17&" (1 tiết)",'PL11'!$S$11)),1,0)+IF(ISNUMBER(SEARCH(MAP_TNHN!C17&" (1 tiết)",'PL11'!$S$12)),1,0)+IF(ISNUMBER(SEARCH(MAP_TNHN!C17&" (1 tiết)",'PL11'!$S$13)),1,0)+IF(ISNUMBER(SEARCH(MAP_TNHN!C17&" (1 tiết)",'PL11'!$S$14)),1,0)+IF(ISNUMBER(SEARCH(MAP_TNHN!C17&" (1 tiết)",'PL11'!$S$15)),1,0)+IF(ISNUMBER(SEARCH(MAP_TNHN!C17&" (1 tiết)",'PL11'!$S$16)),1,0)+IF(ISNUMBER(SEARCH(MAP_TNHN!C17&" (1 tiết)",'PL11'!$S$17)),1,0)+IF(ISNUMBER(SEARCH(MAP_TNHN!C17&" (1 tiết)",'PL11'!$S$18)),1,0))-(IF(ISNUMBER(SEARCH(MAP_TNHN!C17&" (2 tiết)",'PL11'!$S$5)),1,0)+IF(ISNUMBER(SEARCH(MAP_TNHN!C17&" (2 tiết)",'PL11'!$S$6)),1,0)+IF(ISNUMBER(SEARCH(MAP_TNHN!C17&" (2 tiết)",'PL11'!$S$7)),1,0)+IF(ISNUMBER(SEARCH(MAP_TNHN!C17&" (2 tiết)",'PL11'!$S$8)),1,0)+IF(ISNUMBER(SEARCH(MAP_TNHN!C17&" (2 tiết)",'PL11'!$S$9)),1,0)+IF(ISNUMBER(SEARCH(MAP_TNHN!C17&" (2 tiết)",'PL11'!$S$10)),1,0)+IF(ISNUMBER(SEARCH(MAP_TNHN!C17&" (2 tiết)",'PL11'!$S$11)),1,0)+IF(ISNUMBER(SEARCH(MAP_TNHN!C17&" (2 tiết)",'PL11'!$S$12)),1,0)+IF(ISNUMBER(SEARCH(MAP_TNHN!C17&" (2 tiết)",'PL11'!$S$13)),1,0)+IF(ISNUMBER(SEARCH(MAP_TNHN!C17&" (2 tiết)",'PL11'!$S$14)),1,0)+IF(ISNUMBER(SEARCH(MAP_TNHN!C17&" (2 tiết)",'PL11'!$S$15)),1,0)+IF(ISNUMBER(SEARCH(MAP_TNHN!C17&" (2 tiết)",'PL11'!$S$16)),1,0)+IF(ISNUMBER(SEARCH(MAP_TNHN!C17&" (2 tiết)",'PL11'!$S$17)),1,0)+IF(ISNUMBER(SEARCH(MAP_TNHN!C17&" (2 tiết)",'PL11'!$S$18)),1,0)))) -> 0 | AY17: =IF(S17="",0,IF(MAP_TNHN!D17="",S17*3,S17*3-2*(IF(ISNUMBER(SEARCH(MAP_TNHN!D17&" (1 tiết)",'PL10'!$S$5)),1,0)+IF(ISNUMBER(SEARCH(MAP_TNHN!D17&" (1 tiết)",'PL10'!$S$6)),1,0)+IF(ISNUMBER(SEARCH(MAP_TNHN!D17&" (1 tiết)",'PL10'!$S$7)),1,0)+IF(ISNUMBER(SEARCH(MAP_TNHN!D17&" (1 tiết)",'PL10'!$S$8)),1,0)+IF(ISNUMBER(SEARCH(MAP_TNHN!D17&" (1 tiết)",'PL10'!$S$9)),1,0)+IF(ISNUMBER(SEARCH(MAP_TNHN!D17&" (1 tiết)",'PL10'!$S$10)),1,0)+IF(ISNUMBER(SEARCH(MAP_TNHN!D17&" (1 tiết)",'PL10'!$S$11)),1,0)+IF(ISNUMBER(SEARCH(MAP_TNHN!D17&" (1 tiết)",'PL10'!$S$12)),1,0)+IF(ISNUMBER(SEARCH(MAP_TNHN!D17&" (1 tiết)",'PL10'!$S$13)),1,0)+IF(ISNUMBER(SEARCH(MAP_TNHN!D17&" (1 tiết)",'PL10'!$S$14)),1,0)+IF(ISNUMBER(SEARCH(MAP_TNHN!D17&" (1 tiết)",'PL10'!$S$15)),1,0)+IF(ISNUMBER(SEARCH(MAP_TNHN!D17&" (1 tiết)",'PL10'!$S$16)),1,0)+IF(ISNUMBER(SEARCH(MAP_TNHN!D17&" (1 tiết)",'PL10'!$S$17)),1,0)+IF(ISNUMBER(SEARCH(MAP_TNHN!D17&" (1 tiết)",'PL10'!$S$18)),1,0)+IF(ISNUMBER(SEARCH(MAP_TNHN!D17&" (1 tiết)",'PL10'!$S$19)),1,0)+IF(ISNUMBER(SEARCH(MAP_TNHN!D17&" (1 tiết)",'PL10'!$S$20)),1,0)+IF(ISNUMBER(SEARCH(MAP_TNHN!D17&" (1 tiết)",'PL10'!$S$21)),1,0)+IF(ISNUMBER(SEARCH(MAP_TNHN!D17&" (1 tiết)",'PL10'!$S$22)),1,0)+IF(ISNUMBER(SEARCH(MAP_TNHN!D17&" (1 tiết)",'PL10'!$S$23)),1,0)+IF(ISNUMBER(SEARCH(MAP_TNHN!D17&" (1 tiết)",'PL10'!$S$24)),1,0)+IF(ISNUMBER(SEARCH(MAP_TNHN!D17&" (1 tiết)",'PL10'!$S$25)),1,0))-(IF(ISNUMBER(SEARCH(MAP_TNHN!D17&" (2 tiết)",'PL10'!$S$5)),1,0)+IF(ISNUMBER(SEARCH(MAP_TNHN!D17&" (2 tiết)",'PL10'!$S$6)),1,0)+IF(ISNUMBER(SEARCH(MAP_TNHN!D17&" (2 tiết)",'PL10'!$S$7)),1,0)+IF(ISNUMBER(SEARCH(MAP_TNHN!D17&" (2 tiết)",'PL10'!$S$8)),1,0)+IF(ISNUMBER(SEARCH(MAP_TNHN!D17&" (2 tiết)",'PL10'!$S$9)),1,0)+IF(ISNUMBER(SEARCH(MAP_TNHN!D17&" (2 tiết)",'PL10'!$S$10)),1,0)+IF(ISNUMBER(SEARCH(MAP_TNHN!D17&" (2 tiết)",'PL10'!$S$11)),1,0)+IF(ISNUMBER(SEARCH(MAP_TNHN!D17&" (2 tiết)",'PL10'!$S$12)),1,0)+IF(ISNUMBER(SEARCH(MAP_TNHN!D17&" (2 tiết)",'PL10'!$S$13)),1,0)+IF(ISNUMBER(SEARCH(MAP_TNHN!D17&" (2 tiết)",'PL10'!$S$14)),1,0)+IF(ISNUMBER(SEARCH(MAP_TNHN!D17&" (2 tiết)",'PL10'!$S$15)),1,0)+IF(ISNUMBER(SEARCH(MAP_TNHN!D17&" (2 tiết)",'PL10'!$S$16)),1,0)+IF(ISNUMBER(SEARCH(MAP_TNHN!D17&" (2 tiết)",'PL10'!$S$17)),1,0)+IF(ISNUMBER(SEARCH(MAP_TNHN!D17&" (2 tiết)",'PL10'!$S$18)),1,0)+IF(ISNUMBER(SEARCH(MAP_TNHN!D17&" (2 tiết)",'PL10'!$S$19)),1,0)+IF(ISNUMBER(SEARCH(MAP_TNHN!D17&" (2 tiết)",'PL10'!$S$20)),1,0)+IF(ISNUMBER(SEARCH(MAP_TNHN!D17&" (2 tiết)",'PL10'!$S$21)),1,0)+IF(ISNUMBER(SEARCH(MAP_TNHN!D17&" (2 tiết)",'PL10'!$S$22)),1,0)+IF(ISNUMBER(SEARCH(MAP_TNHN!D17&" (2 tiết)",'PL10'!$S$23)),1,0)+IF(ISNUMBER(SEARCH(MAP_TNHN!D17&" (2 tiết)",'PL10'!$S$24)),1,0)+IF(ISNUMBER(SEARCH(MAP_TNHN!D17&" (2 tiết)",'PL10'!$S$25)),1,0)))) -> 0
B18: 2 | C18: PHẠM THỊ THU HƯỜNG | E18: 3 | G18: 3 | H18: 1 | K18: 3 | M18: 3 | U18: =E18*('Phân tiết'!$M$18/4)+G18*('Phân tiết'!$M$21/3)+H18*'Phân tiết'!$L$26+AW18+J18*'Phân tiết'!$M$20+K18*('Phân tiết'!$I$18/4)+M18*('Phân tiết'!$I$21/3)+AX18+O18*'Phân tiết'!$I$20+P18*('Phân tiết'!$E$18/4)+R18*('Phân tiết'!$E$21/3)+AY18+T18*'Phân tiết'!$E$20 -> 20 | V18: =F18*4+L18*4+Q18*4 -> 0 | X18: TTCĐ | Y18: 1 | Z18: =SUM(U18:Y18) -> 21 | AA18: =Z18-17 -> 4 | AB18: 2 | AC18: 15 | AD18: =AB18*AC18*1.5 -> 45 | AG18: =AE18*AF18*1.5 -> 0 | AJ18: =AH18*AI18 -> 0 | AK18: =AA18*33+AD18+AG18+AJ18 -> 177 | AL18: Olympic 11 | AQ18: X | AT18: X | AW18: =IF(I18="",0,IF(MAP_TNHN!B18="",I18*3,I18*3-2*(IF(ISNUMBER(SEARCH(MAP_TNHN!B18&" (1 tiết)",'PL12'!$S$5)),1,0)+IF(ISNUMBER(SEARCH(MAP_TNHN!B18&" (1 tiết)",'PL12'!$S$6)),1,0)+IF(ISNUMBER(SEARCH(MAP_TNHN!B18&" (1 tiết)",'PL12'!$S$7)),1,0)+IF(ISNUMBER(SEARCH(MAP_TNHN!B18&" (1 tiết)",'PL12'!$S$8)),1,0)+IF(ISNUMBER(SEARCH(MAP_TNHN!B18&" (1 tiết)",'PL12'!$S$9)),1,0)+IF(ISNUMBER(SEARCH(MAP_TNHN!B18&" (1 tiết)",'PL12'!$S$10)),1,0)+IF(ISNUMBER(SEARCH(MAP_TNHN!B18&" (1 tiết)",'PL12'!$S$11)),1,0)+IF(ISNUMBER(SEARCH(MAP_TNHN!B18&" (1 tiết)",'PL12'!$S$12)),1,0)+IF(ISNUMBER(SEARCH(MAP_TNHN!B18&" (1 tiết)",'PL12'!$S$13)),1,0)+IF(ISNUMBER(SEARCH(MAP_TNHN!B18&" (1 tiết)",'PL12'!$S$14)),1,0)+IF(ISNUMBER(SEARCH(MAP_TNHN!B18&" (1 tiết)",'PL12'!$S$15)),1,0)+IF(ISNUMBER(SEARCH(MAP_TNHN!B18&" (1 tiết)",'PL12'!$S$16)),1,0)+IF(ISNUMBER(SEARCH(MAP_TNHN!B18&" (1 tiết)",'PL12'!$S$17)),1,0)+IF(ISNUMBER(SEARCH(MAP_TNHN!B18&" (1 tiết)",'PL12'!$S$18)),1,0)+IF(ISNUMBER(SEARCH(MAP_TNHN!B18&" (1 tiết)",'PL12'!$S$19)),1,0))-(IF(ISNUMBER(SEARCH(MAP_TNHN!B18&" (2 tiết)",'PL12'!$S$5)),1,0)+IF(ISNUMBER(SEARCH(MAP_TNHN!B18&" (2 tiết)",'PL12'!$S$6)),1,0)+IF(ISNUMBER(SEARCH(MAP_TNHN!B18&" (2 tiết)",'PL12'!$S$7)),1,0)+IF(ISNUMBER(SEARCH(MAP_TNHN!B18&" (2 tiết)",'PL12'!$S$8)),1,0)+IF(ISNUMBER(SEARCH(MAP_TNHN!B18&" (2 tiết)",'PL12'!$S$9)),1,0)+IF(ISNUMBER(SEARCH(MAP_TNHN!B18&" (2 tiết)",'PL12'!$S$10)),1,0)+IF(ISNUMBER(SEARCH(MAP_TNHN!B18&" (2 tiết)",'PL12'!$S$11)),1,0)+IF(ISNUMBER(SEARCH(MAP_TNHN!B18&" (2 tiết)",'PL12'!$S$12)),1,0)+IF(ISNUMBER(SEARCH(MAP_TNHN!B18&" (2 tiết)",'PL12'!$S$13)),1,0)+IF(ISNUMBER(SEARCH(MAP_TNHN!B18&" (2 tiết)",'PL12'!$S$14)),1,0)+IF(ISNUMBER(SEARCH(MAP_TNHN!B18&" (2 tiết)",'PL12'!$S$15)),1,0)+IF(ISNUMBER(SEARCH(MAP_TNHN!B18&" (2 tiết)",'PL12'!$S$16)),1,0)+IF(ISNUMBER(SEARCH(MAP_TNHN!B18&" (2 tiết)",'PL12'!$S$17)),1,0)+IF(ISNUMBER(SEARCH(MAP_TNHN!B18&" (2 tiết)",'PL12'!$S$18)),1,0)+IF(ISNUMBER(SEARCH(MAP_TNHN!B18&" (2 tiết)",'PL12'!$S$19)),1,0)))) -> 0 | AX18: =IF(N18="",0,IF(MAP_TNHN!C18="",N18*3,N18*3-2*(IF(ISNUMBER(SEARCH(MAP_TNHN!C18&" (1 tiết)",'PL11'!$S$5)),1,0)+IF(ISNUMBER(SEARCH(MAP_TNHN!C18&" (1 tiết)",'PL11'!$S$6)),1,0)+IF(ISNUMBER(SEARCH(MAP_TNHN!C18&" (1 tiết)",'PL11'!$S$7)),1,0)+IF(ISNUMBER(SEARCH(MAP_TNHN!C18&" (1 tiết)",'PL11'!$S$8)),1,0)+IF(ISNUMBER(SEARCH(MAP_TNHN!C18&" (1 tiết)",'PL11'!$S$9)),1,0)+IF(ISNUMBER(SEARCH(MAP_TNHN!C18&" (1 tiết)",'PL11'!$S$10)),1,0)+IF(ISNUMBER(SEARCH(MAP_TNHN!C18&" (1 tiết)",'PL11'!$S$11)),1,0)+IF(ISNUMBER(SEARCH(MAP_TNHN!C18&" (1 tiết)",'PL11'!$S$12)),1,0)+IF(ISNUMBER(SEARCH(MAP_TNHN!C18&" (1 tiết)",'PL11'!$S$13)),1,0)+IF(ISNUMBER(SEARCH(MAP_TNHN!C18&" (1 tiết)",'PL11'!$S$14)),1,0)+IF(ISNUMBER(SEARCH(MAP_TNHN!C18&" (1 tiết)",'PL11'!$S$15)),1,0)+IF(ISNUMBER(SEARCH(MAP_TNHN!C18&" (1 tiết)",'PL11'!$S$16)),1,0)+IF(ISNUMBER(SEARCH(MAP_TNHN!C18&" (1 tiết)",'PL11'!$S$17)),1,0)+IF(ISNUMBER(SEARCH(MAP_TNHN!C18&" (1 tiết)",'PL11'!$S$18)),1,0))-(IF(ISNUMBER(SEARCH(MAP_TNHN!C18&" (2 tiết)",'PL11'!$S$5)),1,0)+IF(ISNUMBER(SEARCH(MAP_TNHN!C18&" (2 tiết)",'PL11'!$S$6)),1,0)+IF(ISNUMBER(SEARCH(MAP_TNHN!C18&" (2 tiết)",'PL11'!$S$7)),1,0)+IF(ISNUMBER(SEARCH(MAP_TNHN!C18&" (2 tiết)",'PL11'!$S$8)),1,0)+IF(ISNUMBER(SEARCH(MAP_TNHN!C18&" (2 tiết)",'PL11'!$S$9)),1,0)+IF(ISNUMBER(SEARCH(MAP_TNHN!C18&" (2 tiết)",'PL11'!$S$10)),1,0)+IF(ISNUMBER(SEARCH(MAP_TNHN!C18&" (2 tiết)",'PL11'!$S$11)),1,0)+IF(ISNUMBER(SEARCH(MAP_TNHN!C18&" (2 tiết)",'PL11'!$S$12)),1,0)+IF(ISNUMBER(SEARCH(MAP_TNHN!C18&" (2 tiết)",'PL11'!$S$13)),1,0)+IF(ISNUMBER(SEARCH(MAP_TNHN!C18&" (2 tiết)",'PL11'!$S$14)),1,0)+IF(ISNUMBER(SEARCH(MAP_TNHN!C18&" (2 tiết)",'PL11'!$S$15)),1,0)+IF(ISNUMBER(SEARCH(MAP_TNHN!C18&" (2 tiết)",'PL11'!$S$16)),1,0)+IF(ISNUMBER(SEARCH(MAP_TNHN!C18&" (2 tiết)",'PL11'!$S$17)),1,0)+IF(ISNUMBER(SEARCH(MAP_TNHN!C18&" (2 tiết)",'PL11'!$S$18)),1,0)))) -> 0 | AY18: =IF(S18="",0,IF(MAP_TNHN!D18="",S18*3,S18*3-2*(IF(ISNUMBER(SEARCH(MAP_TNHN!D18&" (1 tiết)",'PL10'!$S$5)),1,0)+IF(ISNUMBER(SEARCH(MAP_TNHN!D18&" (1 tiết)",'PL10'!$S$6)),1,0)+IF(ISNUMBER(SEARCH(MAP_TNHN!D18&" (1 tiết)",'PL10'!$S$7)),1,0)+IF(ISNUMBER(SEARCH(MAP_TNHN!D18&" (1 tiết)",'PL10'!$S$8)),1,0)+IF(ISNUMBER(SEARCH(MAP_TNHN!D18&" (1 tiết)",'PL10'!$S$9)),1,0)+IF(ISNUMBER(SEARCH(MAP_TNHN!D18&" (1 tiết)",'PL10'!$S$10)),1,0)+IF(ISNUMBER(SEARCH(MAP_TNHN!D18&" (1 tiết)",'PL10'!$S$11)),1,0)+IF(ISNUMBER(SEARCH(MAP_TNHN!D18&" (1 tiết)",'PL10'!$S$12)),1,0)+IF(ISNUMBER(SEARCH(MAP_TNHN!D18&" (1 tiết)",'PL10'!$S$13)),1,0)+IF(ISNUMBER(SEARCH(MAP_TNHN!D18&" (1 tiết)",'PL10'!$S$14)),1,0)+IF(ISNUMBER(SEARCH(MAP_TNHN!D18&" (1 tiết)",'PL10'!$S$15)),1,0)+IF(ISNUMBER(SEARCH(MAP_TNHN!D18&" (1 tiết)",'PL10'!$S$16)),1,0)+IF(ISNUMBER(SEARCH(MAP_TNHN!D18&" (1 tiết)",'PL10'!$S$17)),1,0)+IF(ISNUMBER(SEARCH(MAP_TNHN!D18&" (1 tiết)",'PL10'!$S$18)),1,0)+IF(ISNUMBER(SEARCH(MAP_TNHN!D18&" (1 tiết)",'PL10'!$S$19)),1,0)+IF(ISNUMBER(SEARCH(MAP_TNHN!D18&" (1 tiết)",'PL10'!$S$20)),1,0)+IF(ISNUMBER(SEARCH(MAP_TNHN!D18&" (1 tiết)",'PL10'!$S$21)),1,0)+IF(ISNUMBER(SEARCH(MAP_TNHN!D18&" (1 tiết)",'PL10'!$S$22)),1,0)+IF(ISNUMBER(SEARCH(MAP_TNHN!D18&" (1 tiết)",'PL10'!$S$23)),1,0)+IF(ISNUMBER(SEARCH(MAP_TNHN!D18&" (1 tiết)",'PL10'!$S$24)),1,0)+IF(ISNUMBER(SEARCH(MAP_TNHN!D18&" (1 tiết)",'PL10'!$S$25)),1,0))-(IF(ISNUMBER(SEARCH(MAP_TNHN!D18&" (2 tiết)",'PL10'!$S$5)),1,0)+IF(ISNUMBER(SEARCH(MAP_TNHN!D18&" (2 tiết)",'PL10'!$S$6)),1,0)+IF(ISNUMBER(SEARCH(MAP_TNHN!D18&" (2 tiết)",'PL10'!$S$7)),1,0)+IF(ISNUMBER(SEARCH(MAP_TNHN!D18&" (2 tiết)",'PL10'!$S$8)),1,0)+IF(ISNUMBER(SEARCH(MAP_TNHN!D18&" (2 tiết)",'PL10'!$S$9)),1,0)+IF(ISNUMBER(SEARCH(MAP_TNHN!D18&" (2 tiết)",'PL10'!$S$10)),1,0)+IF(ISNUMBER(SEARCH(MAP_TNHN!D18&" (2 tiết)",'PL10'!$S$11)),1,0)+IF(ISNUMBER(SEARCH(MAP_TNHN!D18&" (2 tiết)",'PL10'!$S$12)),1,0)+IF(ISNUMBER(SEARCH(MAP_TNHN!D18&" (2 tiết)",'PL10'!$S$13)),1,0)+IF(ISNUMBER(SEARCH(MAP_TNHN!D18&" (2 tiết)",'PL10'!$S$14)),1,0)+IF(ISNUMBER(SEARCH(MAP_TNHN!D18&" (2 tiết)",'PL10'!$S$15)),1,0)+IF(ISNUMBER(SEARCH(MAP_TNHN!D18&" (2 tiết)",'PL10'!$S$16)),1,0)+IF(ISNUMBER(SEARCH(MAP_TNHN!D18&" (2 tiết)",'PL10'!$S$17)),1,0)+IF(ISNUMBER(SEARCH(MAP_TNHN!D18&" (2 tiết)",'PL10'!$S$18)),1,0)+IF(ISNUMBER(SEARCH(MAP_TNHN!D18&" (2 tiết)",'PL10'!$S$19)),1,0)+IF(ISNUMBER(SEARCH(MAP_TNHN!D18&" (2 tiết)",'PL10'!$S$20)),1,0)+IF(ISNUMBER(SEARCH(MAP_TNHN!D18&" (2 tiết)",'PL10'!$S$21)),1,0)+IF(ISNUMBER(SEARCH(MAP_TNHN!D18&" (2 tiết)",'PL10'!$S$22)),1,0)+IF(ISNUMBER(SEARCH(MAP_TNHN!D18&" (2 tiết)",'PL10'!$S$23)),1,0)+IF(ISNUMBER(SEARCH(MAP_TNHN!D18&" (2 tiết)",'PL10'!$S$24)),1,0)+IF(ISNUMBER(SEARCH(MAP_TNHN!D18&" (2 tiết)",'PL10'!$S$25)),1,0)))) -> 0
B19: 3 | C19: HUỲNH THỊ BÍCH HUYỀN | E19: 2 | G19: 1 | H19: 1 | P19: 5 | R19: 5 | U19: =E19*('Phân tiết'!$M$18/4)+G19*('Phân tiết'!$M$21/3)+H19*'Phân tiết'!$L$26+AW19+J19*'Phân tiết'!$M$20+K19*('Phân tiết'!$I$18/4)+M19*('Phân tiết'!$I$21/3)+AX19+O19*'Phân tiết'!$I$20+P19*('Phân tiết'!$E$18/4)+R19*('Phân tiết'!$E$21/3)+AY19+T19*'Phân tiết'!$E$20 -> 22 | V19: =F19*4+L19*4+Q19*4 -> 0 | Z19: =SUM(U19:Y19) -> 22 | AA19: =Z19-17 -> 5 | AD19: =AB19*AC19*1.5 -> 0 | AE19: 2 | AF19: 18 | AG19: =AE19*AF19*1.5 -> 54 | AJ19: =AH19*AI19 -> 0 | AK19: =AA19*33+AD19+AG19+AJ19 -> 219 | AM19: Khối 12 | AQ19: X | AT19: X | AW19: =IF(I19="",0,IF(MAP_TNHN!B19="",I19*3,I19*3-2*(IF(ISNUMBER(SEARCH(MAP_TNHN!B19&" (1 tiết)",'PL12'!$S$5)),1,0)+IF(ISNUMBER(SEARCH(MAP_TNHN!B19&" (1 tiết)",'PL12'!$S$6)),1,0)+IF(ISNUMBER(SEARCH(MAP_TNHN!B19&" (1 tiết)",'PL12'!$S$7)),1,0)+IF(ISNUMBER(SEARCH(MAP_TNHN!B19&" (1 tiết)",'PL12'!$S$8)),1,0)+IF(ISNUMBER(SEARCH(MAP_TNHN!B19&" (1 tiết)",'PL12'!$S$9)),1,0)+IF(ISNUMBER(SEARCH(MAP_TNHN!B19&" (1 tiết)",'PL12'!$S$10)),1,0)+IF(ISNUMBER(SEARCH(MAP_TNHN!B19&" (1 tiết)",'PL12'!$S$11)),1,0)+IF(ISNUMBER(SEARCH(MAP_TNHN!B19&" (1 tiết)",'PL12'!$S$12)),1,0)+IF(ISNUMBER(SEARCH(MAP_TNHN!B19&" (1 tiết)",'PL12'!$S$13)),1,0)+IF(ISNUMBER(SEARCH(MAP_TNHN!B19&" (1 tiết)",'PL12'!$S$14)),1,0)+IF(ISNUMBER(SEARCH(MAP_TNHN!B19&" (1 tiết)",'PL12'!$S$15)),1,0)+IF(ISNUMBER(SEARCH(MAP_TNHN!B19&" (1 tiết)",'PL12'!$S$16)),1,0)+IF(ISNUMBER(SEARCH(MAP_TNHN!B19&" (1 tiết)",'PL12'!$S$17)),1,0)+IF(ISNUMBER(SEARCH(MAP_TNHN!B19&" (1 tiết)",'PL12'!$S$18)),1,0)+IF(ISNUMBER(SEARCH(MAP_TNHN!B19&" (1 tiết)",'PL12'!$S$19)),1,0))-(IF(ISNUMBER(SEARCH(MAP_TNHN!B19&" (2 tiết)",'PL12'!$S$5)),1,0)+IF(ISNUMBER(SEARCH(MAP_TNHN!B19&" (2 tiết)",'PL12'!$S$6)),1,0)+IF(ISNUMBER(SEARCH(MAP_TNHN!B19&" (2 tiết)",'PL12'!$S$7)),1,0)+IF(ISNUMBER(SEARCH(MAP_TNHN!B19&" (2 tiết)",'PL12'!$S$8)),1,0)+IF(ISNUMBER(SEARCH(MAP_TNHN!B19&" (2 tiết)",'PL12'!$S$9)),1,0)+IF(ISNUMBER(SEARCH(MAP_TNHN!B19&" (2 tiết)",'PL12'!$S$10)),1,0)+IF(ISNUMBER(SEARCH(MAP_TNHN!B19&" (2 tiết)",'PL12'!$S$11)),1,0)+IF(ISNUMBER(SEARCH(MAP_TNHN!B19&" (2 tiết)",'PL12'!$S$12)),1,0)+IF(ISNUMBER(SEARCH(MAP_TNHN!B19&" (2 tiết)",'PL12'!$S$13)),1,0)+IF(ISNUMBER(SEARCH(MAP_TNHN!B19&" (2 tiết)",'PL12'!$S$14)),1,0)+IF(ISNUMBER(SEARCH(MAP_TNHN!B19&" (2 tiết)",'PL12'!$S$15)),1,0)+IF(ISNUMBER(SEARCH(MAP_TNHN!B19&" (2 tiết)",'PL12'!$S$16)),1,0)+IF(ISNUMBER(SEARCH(MAP_TNHN!B19&" (2 tiết)",'PL12'!$S$17)),1,0)+IF(ISNUMBER(SEARCH(MAP_TNHN!B19&" (2 tiết)",'PL12'!$S$18)),1,0)+IF(ISNUMBER(SEARCH(MAP_TNHN!B19&" (2 tiết)",'PL12'!$S$19)),1,0)))) -> 0 | AX19: =IF(N19="",0,IF(MAP_TNHN!C19="",N19*3,N19*3-2*(IF(ISNUMBER(SEARCH(MAP_TNHN!C19&" (1 tiết)",'PL11'!$S$5)),1,0)+IF(ISNUMBER(SEARCH(MAP_TNHN!C19&" (1 tiết)",'PL11'!$S$6)),1,0)+IF(ISNUMBER(SEARCH(MAP_TNHN!C19&" (1 tiết)",'PL11'!$S$7)),1,0)+IF(ISNUMBER(SEARCH(MAP_TNHN!C19&" (1 tiết)",'PL11'!$S$8)),1,0)+IF(ISNUMBER(SEARCH(MAP_TNHN!C19&" (1 tiết)",'PL11'!$S$9)),1,0)+IF(ISNUMBER(SEARCH(MAP_TNHN!C19&" (1 tiết)",'PL11'!$S$10)),1,0)+IF(ISNUMBER(SEARCH(MAP_TNHN!C19&" (1 tiết)",'PL11'!$S$11)),1,0)+IF(ISNUMBER(SEARCH(MAP_TNHN!C19&" (1 tiết)",'PL11'!$S$12)),1,0)+IF(ISNUMBER(SEARCH(MAP_TNHN!C19&" (1 tiết)",'PL11'!$S$13)),1,0)+IF(ISNUMBER(SEARCH(MAP_TNHN!C19&" (1 tiết)",'PL11'!$S$14)),1,0)+IF(ISNUMBER(SEARCH(MAP_TNHN!C19&" (1 tiết)",'PL11'!$S$15)),1,0)+IF(ISNUMBER(SEARCH(MAP_TNHN!C19&" (1 tiết)",'PL11'!$S$16)),1,0)+IF(ISNUMBER(SEARCH(MAP_TNHN!C19&" (1 tiết)",'PL11'!$S$17)),1,0)+IF(ISNUMBER(SEARCH(MAP_TNHN!C19&" (1 tiết)",'PL11'!$S$18)),1,0))-(IF(ISNUMBER(SEARCH(MAP_TNHN!C19&" (2 tiết)",'PL11'!$S$5)),1,0)+IF(ISNUMBER(SEARCH(MAP_TNHN!C19&" (2 tiết)",'PL11'!$S$6)),1,0)+IF(ISNUMBER(SEARCH(MAP_TNHN!C19&" (2 tiết)",'PL11'!$S$7)),1,0)+IF(ISNUMBER(SEARCH(MAP_TNHN!C19&" (2 tiết)",'PL11'!$S$8)),1,0)+IF(ISNUMBER(SEARCH(MAP_TNHN!C19&" (2 tiết)",'PL11'!$S$9)),1,0)+IF(ISNUMBER(SEARCH(MAP_TNHN!C19&" (2 tiết)",'PL11'!$S$10)),1,0)+IF(ISNUMBER(SEARCH(MAP_TNHN!C19&" (2 tiết)",'PL11'!$S$11)),1,0)+IF(ISNUMBER(SEARCH(MAP_TNHN!C19&" (2 tiết)",'PL11'!$S$12)),1,0)+IF(ISNUMBER(SEARCH(MAP_TNHN!C19&" (2 tiết)",'PL11'!$S$13)),1,0)+IF(ISNUMBER(SEARCH(MAP_TNHN!C19&" (2 tiết)",'PL11'!$S$14)),1,0)+IF(ISNUMBER(SEARCH(MAP_TNHN!C19&" (2 tiết)",'PL11'!$S$15)),1,0)+IF(ISNUMBER(SEARCH(MAP_TNHN!C19&" (2 tiết)",'PL11'!$S$16)),1,0)+IF(ISNUMBER(SEARCH(MAP_TNHN!C19&" (2 tiết)",'PL11'!$S$17)),1,0)+IF(ISNUMBER(SEARCH(MAP_TNHN!C19&" (2 tiết)",'PL11'!$S$18)),1,0)))) -> 0 | AY19: =IF(S19="",0,IF(MAP_TNHN!D19="",S19*3,S19*3-2*(IF(ISNUMBER(SEARCH(MAP_TNHN!D19&" (1 tiết)",'PL10'!$S$5)),1,0)+IF(ISNUMBER(SEARCH(MAP_TNHN!D19&" (1 tiết)",'PL10'!$S$6)),1,0)+IF(ISNUMBER(SEARCH(MAP_TNHN!D19&" (1 tiết)",'PL10'!$S$7)),1,0)+IF(ISNUMBER(SEARCH(MAP_TNHN!D19&" (1 tiết)",'PL10'!$S$8)),1,0)+IF(ISNUMBER(SEARCH(MAP_TNHN!D19&" (1 tiết)",'PL10'!$S$9)),1,0)+IF(ISNUMBER(SEARCH(MAP_TNHN!D19&" (1 tiết)",'PL10'!$S$10)),1,0)+IF(ISNUMBER(SEARCH(MAP_TNHN!D19&" (1 tiết)",'PL10'!$S$11)),1,0)+IF(ISNUMBER(SEARCH(MAP_TNHN!D19&" (1 tiết)",'PL10'!$S$12)),1,0)+IF(ISNUMBER(SEARCH(MAP_TNHN!D19&" (1 tiết)",'PL10'!$S$13)),1,0)+IF(ISNUMBER(SEARCH(MAP_TNHN!D19&" (1 tiết)",'PL10'!$S$14)),1,0)+IF(ISNUMBER(SEARCH(MAP_TNHN!D19&" (1 tiết)",'PL10'!$S$15)),1,0)+IF(ISNUMBER(SEARCH(MAP_TNHN!D19&" (1 tiết)",'PL10'!$S$16)),1,0)+IF(ISNUMBER(SEARCH(MAP_TNHN!D19&" (1 tiết)",'PL10'!$S$17)),1,0)+IF(ISNUMBER(SEARCH(MAP_TNHN!D19&" (1 tiết)",'PL10'!$S$18)),1,0)+IF(ISNUMBER(SEARCH(MAP_TNHN!D19&" (1 tiết)",'PL10'!$S$19)),1,0)+IF(ISNUMBER(SEARCH(MAP_TNHN!D19&" (1 tiết)",'PL10'!$S$20)),1,0)+IF(ISNUMBER(SEARCH(MAP_TNHN!D19&" (1 tiết)",'PL10'!$S$21)),1,0)+IF(ISNUMBER(SEARCH(MAP_TNHN!D19&" (1 tiết)",'PL10'!$S$22)),1,0)+IF(ISNUMBER(SEARCH(MAP_TNHN!D19&" (1 tiết)",'PL10'!$S$23)),1,0)+IF(ISNUMBER(SEARCH(MAP_TNHN!D19&" (1 tiết)",'PL10'!$S$24)),1,0)+IF(ISNUMBER(SEARCH(MAP_TNHN!D19&" (1 tiết)",'PL10'!$S$25)),1,0))-(IF(ISNUMBER(SEARCH(MAP_TNHN!D19&" (2 tiết)",'PL10'!$S$5)),1,0)+IF(ISNUMBER(SEARCH(MAP_TNHN!D19&" (2 tiết)",'PL10'!$S$6)),1,0)+IF(ISNUMBER(SEARCH(MAP_TNHN!D19&" (2 tiết)",'PL10'!$S$7)),1,0)+IF(ISNUMBER(SEARCH(MAP_TNHN!D19&" (2 tiết)",'PL10'!$S$8)),1,0)+IF(ISNUMBER(SEARCH(MAP_TNHN!D19&" (2 tiết)",'PL10'!$S$9)),1,0)+IF(ISNUMBER(SEARCH(MAP_TNHN!D19&" (2 tiết)",'PL10'!$S$10)),1,0)+IF(ISNUMBER(SEARCH(MAP_TNHN!D19&" (2 tiết)",'PL10'!$S$11)),1,0)+IF(ISNUMBER(SEARCH(MAP_TNHN!D19&" (2 tiết)",'PL10'!$S$12)),1,0)+IF(ISNUMBER(SEARCH(MAP_TNHN!D19&" (2 tiết)",'PL10'!$S$13)),1,0)+IF(ISNUMBER(SEARCH(MAP_TNHN!D19&" (2 tiết)",'PL10'!$S$14)),1,0)+IF(ISNUMBER(SEARCH(MAP_TNHN!D19&" (2 tiết)",'PL10'!$S$15)),1,0)+IF(ISNUMBER(SEARCH(MAP_TNHN!D19&" (2 tiết)",'PL10'!$S$16)),1,0)+IF(ISNUMBER(SEARCH(MAP_TNHN!D19&" (2 tiết)",'PL10'!$S$17)),1,0)+IF(ISNUMBER(SEARCH(MAP_TNHN!D19&" (2 tiết)",'PL10'!$S$18)),1,0)+IF(ISNUMBER(SEARCH(MAP_TNHN!D19&" (2 tiết)",'PL10'!$S$19)),1,0)+IF(ISNUMBER(SEARCH(MAP_TNHN!D19&" (2 tiết)",'PL10'!$S$20)),1,0)+IF(ISNUMBER(SEARCH(MAP_TNHN!D19&" (2 tiết)",'PL10'!$S$21)),1,0)+IF(ISNUMBER(SEARCH(MAP_TNHN!D19&" (2 tiết)",'PL10'!$S$22)),1,0)+IF(ISNUMBER(SEARCH(MAP_TNHN!D19&" (2 tiết)",'PL10'!$S$23)),1,0)+IF(ISNUMBER(SEARCH(MAP_TNHN!D19&" (2 tiết)",'PL10'!$S$24)),1,0)+IF(ISNUMBER(SEARCH(MAP_TNHN!D19&" (2 tiết)",'PL10'!$S$25)),1,0)))) -> 0
B20: 4 | C20: BÙI THỊ THỦY TIÊN | K20: 4 | M20: 4 | P20: 3 | R20: 3 | T20: 1 | U20: =E20*('Phân tiết'!$M$18/4)+G20*('Phân tiết'!$M$21/3)+H20*'Phân tiết'!$L$26+AW20+J20*'Phân tiết'!$M$20+K20*('Phân tiết'!$I$18/4)+M20*('Phân tiết'!$I$21/3)+AX20+O20*'Phân tiết'!$I$20+P20*('Phân tiết'!$E$18/4)+R20*('Phân tiết'!$E$21/3)+AY20+T20*'Phân tiết'!$E$20 -> 22 | V20: =F20*4+L20*4+Q20*4 -> 0 | Z20: =SUM(U20:Y20) -> 22 | AA20: =Z20-17 -> 5 | AD20: =AB20*AC20*1.5 -> 0 | AG20: =AE20*AF20*1.5 -> 0 | AJ20: =AH20*AI20 -> 0 | AK20: =AA20*33+AD20+AG20+AJ20 -> 165 | AT20: X | AW20: =IF(I20="",0,IF(MAP_TNHN!B20="",I20*3,I20*3-2*(IF(ISNUMBER(SEARCH(MAP_TNHN!B20&" (1 tiết)",'PL12'!$S$5)),1,0)+IF(ISNUMBER(SEARCH(MAP_TNHN!B20&" (1 tiết)",'PL12'!$S$6)),1,0)+IF(ISNUMBER(SEARCH(MAP_TNHN!B20&" (1 tiết)",'PL12'!$S$7)),1,0)+IF(ISNUMBER(SEARCH(MAP_TNHN!B20&" (1 tiết)",'PL12'!$S$8)),1,0)+IF(ISNUMBER(SEARCH(MAP_TNHN!B20&" (1 tiết)",'PL12'!$S$9)),1,0)+IF(ISNUMBER(SEARCH(MAP_TNHN!B20&" (1 tiết)",'PL12'!$S$10)),1,0)+IF(ISNUMBER(SEARCH(MAP_TNHN!B20&" (1 tiết)",'PL12'!$S$11)),1,0)+IF(ISNUMBER(SEARCH(MAP_TNHN!B20&" (1 tiết)",'PL12'!$S$12)),1,0)+IF(ISNUMBER(SEARCH(MAP_TNHN!B20&" (1 tiết)",'PL12'!$S$13)),1,0)+IF(ISNUMBER(SEARCH(MAP_TNHN!B20&" (1 tiết)",'PL12'!$S$14)),1,0)+IF(ISNUMBER(SEARCH(MAP_TNHN!B20&" (1 tiết)",'PL12'!$S$15)),1,0)+IF(ISNUMBER(SEARCH(MAP_TNHN!B20&" (1 tiết)",'PL12'!$S$16)),1,0)+IF(ISNUMBER(SEARCH(MAP_TNHN!B20&" (1 tiết)",'PL12'!$S$17)),1,0)+IF(ISNUMBER(SEARCH(MAP_TNHN!B20&" (1 tiết)",'PL12'!$S$18)),1,0)+IF(ISNUMBER(SEARCH(MAP_TNHN!B20&" (1 tiết)",'PL12'!$S$19)),1,0))-(IF(ISNUMBER(SEARCH(MAP_TNHN!B20&" (2 tiết)",'PL12'!$S$5)),1,0)+IF(ISNUMBER(SEARCH(MAP_TNHN!B20&" (2 tiết)",'PL12'!$S$6)),1,0)+IF(ISNUMBER(SEARCH(MAP_TNHN!B20&" (2 tiết)",'PL12'!$S$7)),1,0)+IF(ISNUMBER(SEARCH(MAP_TNHN!B20&" (2 tiết)",'PL12'!$S$8)),1,0)+IF(ISNUMBER(SEARCH(MAP_TNHN!B20&" (2 tiết)",'PL12'!$S$9)),1,0)+IF(ISNUMBER(SEARCH(MAP_TNHN!B20&" (2 tiết)",'PL12'!$S$10)),1,0)+IF(ISNUMBER(SEARCH(MAP_TNHN!B20&" (2 tiết)",'PL12'!$S$11)),1,0)+IF(ISNUMBER(SEARCH(MAP_TNHN!B20&" (2 tiết)",'PL12'!$S$12)),1,0)+IF(ISNUMBER(SEARCH(MAP_TNHN!B20&" (2 tiết)",'PL12'!$S$13)),1,0)+IF(ISNUMBER(SEARCH(MAP_TNHN!B20&" (2 tiết)",'PL12'!$S$14)),1,0)+IF(ISNUMBER(SEARCH(MAP_TNHN!B20&" (2 tiết)",'PL12'!$S$15)),1,0)+IF(ISNUMBER(SEARCH(MAP_TNHN!B20&" (2 tiết)",'PL12'!$S$16)),1,0)+IF(ISNUMBER(SEARCH(MAP_TNHN!B20&" (2 tiết)",'PL12'!$S$17)),1,0)+IF(ISNUMBER(SEARCH(MAP_TNHN!B20&" (2 tiết)",'PL12'!$S$18)),1,0)+IF(ISNUMBER(SEARCH(MAP_TNHN!B20&" (2 tiết)",'PL12'!$S$19)),1,0)))) -> 0 | AX20: =IF(N20="",0,IF(MAP_TNHN!C20="",N20*3,N20*3-2*(IF(ISNUMBER(SEARCH(MAP_TNHN!C20&" (1 tiết)",'PL11'!$S$5)),1,0)+IF(ISNUMBER(SEARCH(MAP_TNHN!C20&" (1 tiết)",'PL11'!$S$6)),1,0)+IF(ISNUMBER(SEARCH(MAP_TNHN!C20&" (1 tiết)",'PL11'!$S$7)),1,0)+IF(ISNUMBER(SEARCH(MAP_TNHN!C20&" (1 tiết)",'PL11'!$S$8)),1,0)+IF(ISNUMBER(SEARCH(MAP_TNHN!C20&" (1 tiết)",'PL11'!$S$9)),1,0)+IF(ISNUMBER(SEARCH(MAP_TNHN!C20&" (1 tiết)",'PL11'!$S$10)),1,0)+IF(ISNUMBER(SEARCH(MAP_TNHN!C20&" (1 tiết)",'PL11'!$S$11)),1,0)+IF(ISNUMBER(SEARCH(MAP_TNHN!C20&" (1 tiết)",'PL11'!$S$12)),1,0)+IF(ISNUMBER(SEARCH(MAP_TNHN!C20&" (1 tiết)",'PL11'!$S$13)),1,0)+IF(ISNUMBER(SEARCH(MAP_TNHN!C20&" (1 tiết)",'PL11'!$S$14)),1,0)+IF(ISNUMBER(SEARCH(MAP_TNHN!C20&" (1 tiết)",'PL11'!$S$15)),1,0)+IF(ISNUMBER(SEARCH(MAP_TNHN!C20&" (1 tiết)",'PL11'!$S$16)),1,0)+IF(ISNUMBER(SEARCH(MAP_TNHN!C20&" (1 tiết)",'PL11'!$S$17)),1,0)+IF(ISNUMBER(SEARCH(MAP_TNHN!C20&" (1 tiết)",'PL11'!$S$18)),1,0))-(IF(ISNUMBER(SEARCH(MAP_TNHN!C20&" (2 tiết)",'PL11'!$S$5)),1,0)+IF(ISNUMBER(SEARCH(MAP_TNHN!C20&" (2 tiết)",'PL11'!$S$6)),1,0)+IF(ISNUMBER(SEARCH(MAP_TNHN!C20&" (2 tiết)",'PL11'!$S$7)),1,0)+IF(ISNUMBER(SEARCH(MAP_TNHN!C20&" (2 tiết)",'PL11'!$S$8)),1,0)+IF(ISNUMBER(SEARCH(MAP_TNHN!C20&" (2 tiết)",'PL11'!$S$9)),1,0)+IF(ISNUMBER(SEARCH(MAP_TNHN!C20&" (2 tiết)",'PL11'!$S$10)),1,0)+IF(ISNUMBER(SEARCH(MAP_TNHN!C20&" (2 tiết)",'PL11'!$S$11)),1,0)+IF(ISNUMBER(SEARCH(MAP_TNHN!C20&" (2 tiết)",'PL11'!$S$12)),1,0)+IF(ISNUMBER(SEARCH(MAP_TNHN!C20&" (2 tiết)",'PL11'!$S$13)),1,0)+IF(ISNUMBER(SEARCH(MAP_TNHN!C20&" (2 tiết)",'PL11'!$S$14)),1,0)+IF(ISNUMBER(SEARCH(MAP_TNHN!C20&" (2 tiết)",'PL11'!$S$15)),1,0)+IF(ISNUMBER(SEARCH(MAP_TNHN!C20&" (2 tiết)",'PL11'!$S$16)),1,0)+IF(ISNUMBER(SEARCH(MAP_TNHN!C20&" (2 tiết)",'PL11'!$S$17)),1,0)+IF(ISNUMBER(SEARCH(MAP_TNHN!C20&" (2 tiết)",'PL11'!$S$18)),1,0)))) -> 0 | AY20: =IF(S20="",0,IF(MAP_TNHN!D20="",S20*3,S20*3-2*(IF(ISNUMBER(SEARCH(MAP_TNHN!D20&" (1 tiết)",'PL10'!$S$5)),1,0)+IF(ISNUMBER(SEARCH(MAP_TNHN!D20&" (1 tiết)",'PL10'!$S$6)),1,0)+IF(ISNUMBER(SEARCH(MAP_TNHN!D20&" (1 tiết)",'PL10'!$S$7)),1,0)+IF(ISNUMBER(SEARCH(MAP_TNHN!D20&" (1 tiết)",'PL10'!$S$8)),1,0)+IF(ISNUMBER(SEARCH(MAP_TNHN!D20&" (1 tiết)",'PL10'!$S$9)),1,0)+IF(ISNUMBER(SEARCH(MAP_TNHN!D20&" (1 tiết)",'PL10'!$S$10)),1,0)+IF(ISNUMBER(SEARCH(MAP_TNHN!D20&" (1 tiết)",'PL10'!$S$11)),1,0)+IF(ISNUMBER(SEARCH(MAP_TNHN!D20&" (1 tiết)",'PL10'!$S$12)),1,0)+IF(ISNUMBER(SEARCH(MAP_TNHN!D20&" (1 tiết)",'PL10'!$S$13)),1,0)+IF(ISNUMBER(SEARCH(MAP_TNHN!D20&" (1 tiết)",'PL10'!$S$14)),1,0)+IF(ISNUMBER(SEARCH(MAP_TNHN!D20&" (1 tiết)",'PL10'!$S$15)),1,0)+IF(ISNUMBER(SEARCH(MAP_TNHN!D20&" (1 tiết)",'PL10'!$S$16)),1,0)+IF(ISNUMBER(SEARCH(MAP_TNHN!D20&" (1 tiết)",'PL10'!$S$17)),1,0)+IF(ISNUMBER(SEARCH(MAP_TNHN!D20&" (1 tiết)",'PL10'!$S$18)),1,0)+IF(ISNUMBER(SEARCH(MAP_TNHN!D20&" (1 tiết)",'PL10'!$S$19)),1,0)+IF(ISNUMBER(SEARCH(MAP_TNHN!D20&" (1 tiết)",'PL10'!$S$20)),1,0)+IF(ISNUMBER(SEARCH(MAP_TNHN!D20&" (1 tiết)",'PL10'!$S$21)),1,0)+IF(ISNUMBER(SEARCH(MAP_TNHN!D20&" (1 tiết)",'PL10'!$S$22)),1,0)+IF(ISNUMBER(SEARCH(MAP_TNHN!D20&" (1 tiết)",'PL10'!$S$23)),1,0)+IF(ISNUMBER(SEARCH(MAP_TNHN!D20&" (1 tiết)",'PL10'!$S$24)),1,0)+IF(ISNUMBER(SEARCH(MAP_TNHN!D20&" (1 tiết)",'PL10'!$S$25)),1,0))-(IF(ISNUMBER(SEARCH(MAP_TNHN!D20&" (2 tiết)",'PL10'!$S$5)),1,0)+IF(ISNUMBER(SEARCH(MAP_TNHN!D20&" (2 tiết)",'PL10'!$S$6)),1,0)+IF(ISNUMBER(SEARCH(MAP_TNHN!D20&" (2 tiết)",'PL10'!$S$7)),1,0)+IF(ISNUMBER(SEARCH(MAP_TNHN!D20&" (2 tiết)",'PL10'!$S$8)),1,0)+IF(ISNUMBER(SEARCH(MAP_TNHN!D20&" (2 tiết)",'PL10'!$S$9)),1,0)+IF(ISNUMBER(SEARCH(MAP_TNHN!D20&" (2 tiết)",'PL10'!$S$10)),1,0)+IF(ISNUMBER(SEARCH(MAP_TNHN!D20&" (2 tiết)",'PL10'!$S$11)),1,0)+IF(ISNUMBER(SEARCH(MAP_TNHN!D20&" (2 tiết)",'PL10'!$S$12)),1,0)+IF(ISNUMBER(SEARCH(MAP_TNHN!D20&" (2 tiết)",'PL10'!$S$13)),1,0)+IF(ISNUMBER(SEARCH(MAP_TNHN!D20&" (2 tiết)",'PL10'!$S$14)),1,0)+IF(ISNUMBER(SEARCH(MAP_TNHN!D20&" (2 tiết)",'PL10'!$S$15)),1,0)+IF(ISNUMBER(SEARCH(MAP_TNHN!D20&" (2 tiết)",'PL10'!$S$16)),1,0)+IF(ISNUMBER(SEARCH(MAP_TNHN!D20&" (2 tiết)",'PL10'!$S$17)),1,0)+IF(ISNUMBER(SEARCH(MAP_TNHN!D20&" (2 tiết)",'PL10'!$S$18)),1,0)+IF(ISNUMBER(SEARCH(MAP_TNHN!D20&" (2 tiết)",'PL10'!$S$19)),1,0)+IF(ISNUMBER(SEARCH(MAP_TNHN!D20&" (2 tiết)",'PL10'!$S$20)),1,0)+IF(ISNUMBER(SEARCH(MAP_TNHN!D20&" (2 tiết)",'PL10'!$S$21)),1,0)+IF(ISNUMBER(SEARCH(MAP_TNHN!D20&" (2 tiết)",'PL10'!$S$22)),1,0)+IF(ISNUMBER(SEARCH(MAP_TNHN!D20&" (2 tiết)",'PL10'!$S$23)),1,0)+IF(ISNUMBER(SEARCH(MAP_TNHN!D20&" (2 tiết)",'PL10'!$S$24)),1,0)+IF(ISNUMBER(SEARCH(MAP_TNHN!D20&" (2 tiết)",'PL10'!$S$25)),1,0)))) -> 0
C21: Số lớp | E21: =SUM(E17:E20) -> 9 | G21: =SUM(G17:G20) -> 5 | H21: =SUM(H17:H20) -> 3 | K21: =SUM(K17:K20) -> 7 | M21: =SUM(M17:M20) -> 7 | P21: =SUM(P17:P20) -> 10 | R21: =SUM(R17:R20) -> 10 | AD21: =AB21*AC21*1.5 -> 0 | AG21: =AE21*AF21*1.5 -> 0 | AK21: =AA21*33+AD21+AG21+AJ21 -> 0
A22: GD KT&PL | B22: 1 | C22: MAI THỊ BÍCH PHƯƠNG | E22: 5 | G22: 1 | H22: 1 | K22: 3 | U22: =E22*('Phân tiết'!$M$18/4)+G22*('Phân tiết'!$M$21/3)+H22*'Phân tiết'!$L$26+AW22+J22*'Phân tiết'!$M$20+K22*('Phân tiết'!$I$18/4)+M22*('Phân tiết'!$I$21/3)+AX22+O22*'Phân tiết'!$I$20+P22*('Phân tiết'!$E$18/4)+R22*('Phân tiết'!$E$21/3)+AY22+T22*'Phân tiết'!$E$20 -> 19 | V22: =F22*4+L22*4+Q22*4 -> 0 | W22: TTCM | Y22: 3 | Z22: =SUM(U22:Y22) -> 22 | AA22: =Z22-17 -> 5 | AB22: 2 | AC22: 20 | AD22: =AB22*AC22*1.5 -> 60 | AG22: =AE22*AF22*1.5 -> 0 | AJ22: =AH22*AI22 -> 0 | AK22: =AA22*33+AD22+AG22+AJ22 -> 225 | AL22: HSG 12 | AO22: 12 | AP22: 12 | AQ22: x | AR22: x | AT22: x | AU22: Ôn thi TN | AW22: =IF(I22="",0,IF(MAP_TNHN!B23="",I22*3,I22*3-2*(IF(ISNUMBER(SEARCH(MAP_TNHN!B23&" (1 tiết)",'PL12'!$S$5)),1,0)+IF(ISNUMBER(SEARCH(MAP_TNHN!B23&" (1 tiết)",'PL12'!$S$6)),1,0)+IF(ISNUMBER(SEARCH(MAP_TNHN!B23&" (1 tiết)",'PL12'!$S$7)),1,0)+IF(ISNUMBER(SEARCH(MAP_TNHN!B23&" (1 tiết)",'PL12'!$S$8)),1,0)+IF(ISNUMBER(SEARCH(MAP_TNHN!B23&" (1 tiết)",'PL12'!$S$9)),1,0)+IF(ISNUMBER(SEARCH(MAP_TNHN!B23&" (1 tiết)",'PL12'!$S$10)),1,0)+IF(ISNUMBER(SEARCH(MAP_TNHN!B23&" (1 tiết)",'PL12'!$S$11)),1,0)+IF(ISNUMBER(SEARCH(MAP_TNHN!B23&" (1 tiết)",'PL12'!$S$12)),1,0)+IF(ISNUMBER(SEARCH(MAP_TNHN!B23&" (1 tiết)",'PL12'!$S$13)),1,0)+IF(ISNUMBER(SEARCH(MAP_TNHN!B23&" (1 tiết)",'PL12'!$S$14)),1,0)+IF(ISNUMBER(SEARCH(MAP_TNHN!B23&" (1 tiết)",'PL12'!$S$15)),1,0)+IF(ISNUMBER(SEARCH(MAP_TNHN!B23&" (1 tiết)",'PL12'!$S$16)),1,0)+IF(ISNUMBER(SEARCH(MAP_TNHN!B23&" (1 tiết)",'PL12'!$S$17)),1,0)+IF(ISNUMBER(SEARCH(MAP_TNHN!B23&" (1 tiết)",'PL12'!$S$18)),1,0)+IF(ISNUMBER(SEARCH(MAP_TNHN!B23&" (1 tiết)",'PL12'!$S$19)),1,0))-(IF(ISNUMBER(SEARCH(MAP_TNHN!B23&" (2 tiết)",'PL12'!$S$5)),1,0)+IF(ISNUMBER(SEARCH(MAP_TNHN!B23&" (2 tiết)",'PL12'!$S$6)),1,0)+IF(ISNUMBER(SEARCH(MAP_TNHN!B23&" (2 tiết)",'PL12'!$S$7)),1,0)+IF(ISNUMBER(SEARCH(MAP_TNHN!B23&" (2 tiết)",'PL12'!$S$8)),1,0)+IF(ISNUMBER(SEARCH(MAP_TNHN!B23&" (2 tiết)",'PL12'!$S$9)),1,0)+IF(ISNUMBER(SEARCH(MAP_TNHN!B23&" (2 tiết)",'PL12'!$S$10)),1,0)+IF(ISNUMBER(SEARCH(MAP_TNHN!B23&" (2 tiết)",'PL12'!$S$11)),1,0)+IF(ISNUMBER(SEARCH(MAP_TNHN!B23&" (2 tiết)",'PL12'!$S$12)),1,0)+IF(ISNUMBER(SEARCH(MAP_TNHN!B23&" (2 tiết)",'PL12'!$S$13)),1,0)+IF(ISNUMBER(SEARCH(MAP_TNHN!B23&" (2 tiết)",'PL12'!$S$14)),1,0)+IF(ISNUMBER(SEARCH(MAP_TNHN!B23&" (2 tiết)",'PL12'!$S$15)),1,0)+IF(ISNUMBER(SEARCH(MAP_TNHN!B23&" (2 tiết)",'PL12'!$S$16)),1,0)+IF(ISNUMBER(SEARCH(MAP_TNHN!B23&" (2 tiết)",'PL12'!$S$17)),1,0)+IF(ISNUMBER(SEARCH(MAP_TNHN!B23&" (2 tiết)",'PL12'!$S$18)),1,0)+IF(ISNUMBER(SEARCH(MAP_TNHN!B23&" (2 tiết)",'PL12'!$S$19)),1,0)))) -> 0 | AX22: =IF(N22="",0,IF(MAP_TNHN!C23="",N22*3,N22*3-2*(IF(ISNUMBER(SEARCH(MAP_TNHN!C23&" (1 tiết)",'PL11'!$S$5)),1,0)+IF(ISNUMBER(SEARCH(MAP_TNHN!C23&" (1 tiết)",'PL11'!$S$6)),1,0)+IF(ISNUMBER(SEARCH(MAP_TNHN!C23&" (1 tiết)",'PL11'!$S$7)),1,0)+IF(ISNUMBER(SEARCH(MAP_TNHN!C23&" (1 tiết)",'PL11'!$S$8)),1,0)+IF(ISNUMBER(SEARCH(MAP_TNHN!C23&" (1 tiết)",'PL11'!$S$9)),1,0)+IF(ISNUMBER(SEARCH(MAP_TNHN!C23&" (1 tiết)",'PL11'!$S$10)),1,0)+IF(ISNUMBER(SEARCH(MAP_TNHN!C23&" (1 tiết)",'PL11'!$S$11)),1,0)+IF(ISNUMBER(SEARCH(MAP_TNHN!C23&" (1 tiết)",'PL11'!$S$12)),1,0)+IF(ISNUMBER(SEARCH(MAP_TNHN!C23&" (1 tiết)",'PL11'!$S$13)),1,0)+IF(ISNUMBER(SEARCH(MAP_TNHN!C23&" (1 tiết)",'PL11'!$S$14)),1,0)+IF(ISNUMBER(SEARCH(MAP_TNHN!C23&" (1 tiết)",'PL11'!$S$15)),1,0)+IF(ISNUMBER(SEARCH(MAP_TNHN!C23&" (1 tiết)",'PL11'!$S$16)),1,0)+IF(ISNUMBER(SEARCH(MAP_TNHN!C23&" (1 tiết)",'PL11'!$S$17)),1,0)+IF(ISNUMBER(SEARCH(MAP_TNHN!C23&" (1 tiết)",'PL11'!$S$18)),1,0))-(IF(ISNUMBER(SEARCH(MAP_TNHN!C23&" (2 tiết)",'PL11'!$S$5)),1,0)+IF(ISNUMBER(SEARCH(MAP_TNHN!C23&" (2 tiết)",'PL11'!$S$6)),1,0)+IF(ISNUMBER(SEARCH(MAP_TNHN!C23&" (2 tiết)",'PL11'!$S$7)),1,0)+IF(ISNUMBER(SEARCH(MAP_TNHN!C23&" (2 tiết)",'PL11'!$S$8)),1,0)+IF(ISNUMBER(SEARCH(MAP_TNHN!C23&" (2 tiết)",'PL11'!$S$9)),1,0)+IF(ISNUMBER(SEARCH(MAP_TNHN!C23&" (2 tiết)",'PL11'!$S$10)),1,0)+IF(ISNUMBER(SEARCH(MAP_TNHN!C23&" (2 tiết)",'PL11'!$S$11)),1,0)+IF(ISNUMBER(SEARCH(MAP_TNHN!C23&" (2 tiết)",'PL11'!$S$12)),1,0)+IF(ISNUMBER(SEARCH(MAP_TNHN!C23&" (2 tiết)",'PL11'!$S$13)),1,0)+IF(ISNUMBER(SEARCH(MAP_TNHN!C23&" (2 tiết)",'PL11'!$S$14)),1,0)+IF(ISNUMBER(SEARCH(MAP_TNHN!C23&" (2 tiết)",'PL11'!$S$15)),1,0)+IF(ISNUMBER(SEARCH(MAP_TNHN!C23&" (2 tiết)",'PL11'!$S$16)),1,0)+IF(ISNUMBER(SEARCH(MAP_TNHN!C23&" (2 tiết)",'PL11'!$S$17)),1,0)+IF(ISNUMBER(SEARCH(MAP_TNHN!C23&" (2 tiết)",'PL11'!$S$18)),1,0)))) -> 0 | AY22: =IF(S22="",0,IF(MAP_TNHN!D23="",S22*3,S22*3-2*(IF(ISNUMBER(SEARCH(MAP_TNHN!D23&" (1 tiết)",'PL10'!$S$5)),1,0)+IF(ISNUMBER(SEARCH(MAP_TNHN!D23&" (1 tiết)",'PL10'!$S$6)),1,0)+IF(ISNUMBER(SEARCH(MAP_TNHN!D23&" (1 tiết)",'PL10'!$S$7)),1,0)+IF(ISNUMBER(SEARCH(MAP_TNHN!D23&" (1 tiết)",'PL10'!$S$8)),1,0)+IF(ISNUMBER(SEARCH(MAP_TNHN!D23&" (1 tiết)",'PL10'!$S$9)),1,0)+IF(ISNUMBER(SEARCH(MAP_TNHN!D23&" (1 tiết)",'PL10'!$S$10)),1,0)+IF(ISNUMBER(SEARCH(MAP_TNHN!D23&" (1 tiết)",'PL10'!$S$11)),1,0)+IF(ISNUMBER(SEARCH(MAP_TNHN!D23&" (1 tiết)",'PL10'!$S$12)),1,0)+IF(ISNUMBER(SEARCH(MAP_TNHN!D23&" (1 tiết)",'PL10'!$S$13)),1,0)+IF(ISNUMBER(SEARCH(MAP_TNHN!D23&" (1 tiết)",'PL10'!$S$14)),1,0)+IF(ISNUMBER(SEARCH(MAP_TNHN!D23&" (1 tiết)",'PL10'!$S$15)),1,0)+IF(ISNUMBER(SEARCH(MAP_TNHN!D23&" (1 tiết)",'PL10'!$S$16)),1,0)+IF(ISNUMBER(SEARCH(MAP_TNHN!D23&" (1 tiết)",'PL10'!$S$17)),1,0)+IF(ISNUMBER(SEARCH(MAP_TNHN!D23&" (1 tiết)",'PL10'!$S$18)),1,0)+IF(ISNUMBER(SEARCH(MAP_TNHN!D23&" (1 tiết)",'PL10'!$S$19)),1,0)+IF(ISNUMBER(SEARCH(MAP_TNHN!D23&" (1 tiết)",'PL10'!$S$20)),1,0)+IF(ISNUMBER(SEARCH(MAP_TNHN!D23&" (1 tiết)",'PL10'!$S$21)),1,0)+IF(ISNUMBER(SEARCH(MAP_TNHN!D23&" (1 tiết)",'PL10'!$S$22)),1,0)+IF(ISNUMBER(SEARCH(MAP_TNHN!D23&" (1 tiết)",'PL10'!$S$23)),1,0)+IF(ISNUMBER(SEARCH(MAP_TNHN!D23&" (1 tiết)",'PL10'!$S$24)),1,0)+IF(ISNUMBER(SEARCH(MAP_TNHN!D23&" (1 tiết)",'PL10'!$S$25)),1,0))-(IF(ISNUMBER(SEARCH(MAP_TNHN!D23&" (2 tiết)",'PL10'!$S$5)),1,0)+IF(ISNUMBER(SEARCH(MAP_TNHN!D23&" (2 tiết)",'PL10'!$S$6)),1,0)+IF(ISNUMBER(SEARCH(MAP_TNHN!D23&" (2 tiết)",'PL10'!$S$7)),1,0)+IF(ISNUMBER(SEARCH(MAP_TNHN!D23&" (2 tiết)",'PL10'!$S$8)),1,0)+IF(ISNUMBER(SEARCH(MAP_TNHN!D23&" (2 tiết)",'PL10'!$S$9)),1,0)+IF(ISNUMBER(SEARCH(MAP_TNHN!D23&" (2 tiết)",'PL10'!$S$10)),1,0)+IF(ISNUMBER(SEARCH(MAP_TNHN!D23&" (2 tiết)",'PL10'!$S$11)),1,0)+IF(ISNUMBER(SEARCH(MAP_TNHN!D23&" (2 tiết)",'PL10'!$S$12)),1,0)+IF(ISNUMBER(SEARCH(MAP_TNHN!D23&" (2 tiết)",'PL10'!$S$13)),1,0)+IF(ISNUMBER(SEARCH(MAP_TNHN!D23&" (2 tiết)",'PL10'!$S$14)),1,0)+IF(ISNUMBER(SEARCH(MAP_TNHN!D23&" (2 tiết)",'PL10'!$S$15)),1,0)+IF(ISNUMBER(SEARCH(MAP_TNHN!D23&" (2 tiết)",'PL10'!$S$16)),1,0)+IF(ISNUMBER(SEARCH(MAP_TNHN!D23&" (2 tiết)",'PL10'!$S$17)),1,0)+IF(ISNUMBER(SEARCH(MAP_TNHN!D23&" (2 tiết)",'PL10'!$S$18)),1,0)+IF(ISNUMBER(SEARCH(MAP_TNHN!D23&" (2 tiết)",'PL10'!$S$19)),1,0)+IF(ISNUMBER(SEARCH(MAP_TNHN!D23&" (2 tiết)",'PL10'!$S$20)),1,0)+IF(ISNUMBER(SEARCH(MAP_TNHN!D23&" (2 tiết)",'PL10'!$S$21)),1,0)+IF(ISNUMBER(SEARCH(MAP_TNHN!D23&" (2 tiết)",'PL10'!$S$22)),1,0)+IF(ISNUMBER(SEARCH(MAP_TNHN!D23&" (2 tiết)",'PL10'!$S$23)),1,0)+IF(ISNUMBER(SEARCH(MAP_TNHN!D23&" (2 tiết)",'PL10'!$S$24)),1,0)+IF(ISNUMBER(SEARCH(MAP_TNHN!D23&" (2 tiết)",'PL10'!$S$25)),1,0)))) -> 0
B23: 2 | C23: TRẦN THỊ XUÂN ĐÀO | E23: 3 | H23: 1 | P23: 7 | U23: =E23*('Phân tiết'!$M$18/4)+G23*('Phân tiết'!$M$21/3)+H23*'Phân tiết'!$L$26+AW23+J23*'Phân tiết'!$M$20+K23*('Phân tiết'!$I$18/4)+M23*('Phân tiết'!$I$21/3)+AX23+O23*'Phân tiết'!$I$20+P23*('Phân tiết'!$E$18/4)+R23*('Phân tiết'!$E$21/3)+AY23+T23*'Phân tiết'!$E$20 -> 22 | V23: =F23*4+L23*4+Q23*4 -> 0 | X23: TTCĐ | Y23: 1 | Z23: =SUM(U23:Y23) -> 23 | AA23: =Z23-17 -> 6 | AD23: =AB23*AC23*1.5 -> 0 | AG23: =AE23*AF23*1.5 -> 0 | AJ23: =AH23*AI23 -> 0 | AK23: =AA23*33+AD23+AG23+AJ23 -> 198 | AQ23: x | AR23: x | AT23: x | AW23: =IF(I23="",0,IF(MAP_TNHN!B24="",I23*3,I23*3-2*(IF(ISNUMBER(SEARCH(MAP_TNHN!B24&" (1 tiết)",'PL12'!$S$5)),1,0)+IF(ISNUMBER(SEARCH(MAP_TNHN!B24&" (1 tiết)",'PL12'!$S$6)),1,0)+IF(ISNUMBER(SEARCH(MAP_TNHN!B24&" (1 tiết)",'PL12'!$S$7)),1,0)+IF(ISNUMBER(SEARCH(MAP_TNHN!B24&" (1 tiết)",'PL12'!$S$8)),1,0)+IF(ISNUMBER(SEARCH(MAP_TNHN!B24&" (1 tiết)",'PL12'!$S$9)),1,0)+IF(ISNUMBER(SEARCH(MAP_TNHN!B24&" (1 tiết)",'PL12'!$S$10)),1,0)+IF(ISNUMBER(SEARCH(MAP_TNHN!B24&" (1 tiết)",'PL12'!$S$11)),1,0)+IF(ISNUMBER(SEARCH(MAP_TNHN!B24&" (1 tiết)",'PL12'!$S$12)),1,0)+IF(ISNUMBER(SEARCH(MAP_TNHN!B24&" (1 tiết)",'PL12'!$S$13)),1,0)+IF(ISNUMBER(SEARCH(MAP_TNHN!B24&" (1 tiết)",'PL12'!$S$14)),1,0)+IF(ISNUMBER(SEARCH(MAP_TNHN!B24&" (1 tiết)",'PL12'!$S$15)),1,0)+IF(ISNUMBER(SEARCH(MAP_TNHN!B24&" (1 tiết)",'PL12'!$S$16)),1,0)+IF(ISNUMBER(SEARCH(MAP_TNHN!B24&" (1 tiết)",'PL12'!$S$17)),1,0)+IF(ISNUMBER(SEARCH(MAP_TNHN!B24&" (1 tiết)",'PL12'!$S$18)),1,0)+IF(ISNUMBER(SEARCH(MAP_TNHN!B24&" (1 tiết)",'PL12'!$S$19)),1,0))-(IF(ISNUMBER(SEARCH(MAP_TNHN!B24&" (2 tiết)",'PL12'!$S$5)),1,0)+IF(ISNUMBER(SEARCH(MAP_TNHN!B24&" (2 tiết)",'PL12'!$S$6)),1,0)+IF(ISNUMBER(SEARCH(MAP_TNHN!B24&" (2 tiết)",'PL12'!$S$7)),1,0)+IF(ISNUMBER(SEARCH(MAP_TNHN!B24&" (2 tiết)",'PL12'!$S$8)),1,0)+IF(ISNUMBER(SEARCH(MAP_TNHN!B24&" (2 tiết)",'PL12'!$S$9)),1,0)+IF(ISNUMBER(SEARCH(MAP_TNHN!B24&" (2 tiết)",'PL12'!$S$10)),1,0)+IF(ISNUMBER(SEARCH(MAP_TNHN!B24&" (2 tiết)",'PL12'!$S$11)),1,0)+IF(ISNUMBER(SEARCH(MAP_TNHN!B24&" (2 tiết)",'PL12'!$S$12)),1,0)+IF(ISNUMBER(SEARCH(MAP_TNHN!B24&" (2 tiết)",'PL12'!$S$13)),1,0)+IF(ISNUMBER(SEARCH(MAP_TNHN!B24&" (2 tiết)",'PL12'!$S$14)),1,0)+IF(ISNUMBER(SEARCH(MAP_TNHN!B24&" (2 tiết)",'PL12'!$S$15)),1,0)+IF(ISNUMBER(SEARCH(MAP_TNHN!B24&" (2 tiết)",'PL12'!$S$16)),1,0)+IF(ISNUMBER(SEARCH(MAP_TNHN!B24&" (2 tiết)",'PL12'!$S$17)),1,0)+IF(ISNUMBER(SEARCH(MAP_TNHN!B24&" (2 tiết)",'PL12'!$S$18)),1,0)+IF(ISNUMBER(SEARCH(MAP_TNHN!B24&" (2 tiết)",'PL12'!$S$19)),1,0)))) -> 0 | AX23: =IF(N23="",0,IF(MAP_TNHN!C24="",N23*3,N23*3-2*(IF(ISNUMBER(SEARCH(MAP_TNHN!C24&" (1 tiết)",'PL11'!$S$5)),1,0)+IF(ISNUMBER(SEARCH(MAP_TNHN!C24&" (1 tiết)",'PL11'!$S$6)),1,0)+IF(ISNUMBER(SEARCH(MAP_TNHN!C24&" (1 tiết)",'PL11'!$S$7)),1,0)+IF(ISNUMBER(SEARCH(MAP_TNHN!C24&" (1 tiết)",'PL11'!$S$8)),1,0)+IF(ISNUMBER(SEARCH(MAP_TNHN!C24&" (1 tiết)",'PL11'!$S$9)),1,0)+IF(ISNUMBER(SEARCH(MAP_TNHN!C24&" (1 tiết)",'PL11'!$S$10)),1,0)+IF(ISNUMBER(SEARCH(MAP_TNHN!C24&" (1 tiết)",'PL11'!$S$11)),1,0)+IF(ISNUMBER(SEARCH(MAP_TNHN!C24&" (1 tiết)",'PL11'!$S$12)),1,0)+IF(ISNUMBER(SEARCH(MAP_TNHN!C24&" (1 tiết)",'PL11'!$S$13)),1,0)+IF(ISNUMBER(SEARCH(MAP_TNHN!C24&" (1 tiết)",'PL11'!$S$14)),1,0)+IF(ISNUMBER(SEARCH(MAP_TNHN!C24&" (1 tiết)",'PL11'!$S$15)),1,0)+IF(ISNUMBER(SEARCH(MAP_TNHN!C24&" (1 tiết)",'PL11'!$S$16)),1,0)+IF(ISNUMBER(SEARCH(MAP_TNHN!C24&" (1 tiết)",'PL11'!$S$17)),1,0)+IF(ISNUMBER(SEARCH(MAP_TNHN!C24&" (1 tiết)",'PL11'!$S$18)),1,0))-(IF(ISNUMBER(SEARCH(MAP_TNHN!C24&" (2 tiết)",'PL11'!$S$5)),1,0)+IF(ISNUMBER(SEARCH(MAP_TNHN!C24&" (2 tiết)",'PL11'!$S$6)),1,0)+IF(ISNUMBER(SEARCH(MAP_TNHN!C24&" (2 tiết)",'PL11'!$S$7)),1,0)+IF(ISNUMBER(SEARCH(MAP_TNHN!C24&" (2 tiết)",'PL11'!$S$8)),1,0)+IF(ISNUMBER(SEARCH(MAP_TNHN!C24&" (2 tiết)",'PL11'!$S$9)),1,0)+IF(ISNUMBER(SEARCH(MAP_TNHN!C24&" (2 tiết)",'PL11'!$S$10)),1,0)+IF(ISNUMBER(SEARCH(MAP_TNHN!C24&" (2 tiết)",'PL11'!$S$11)),1,0)+IF(ISNUMBER(SEARCH(MAP_TNHN!C24&" (2 tiết)",'PL11'!$S$12)),1,0)+IF(ISNUMBER(SEARCH(MAP_TNHN!C24&" (2 tiết)",'PL11'!$S$13)),1,0)+IF(ISNUMBER(SEARCH(MAP_TNHN!C24&" (2 tiết)",'PL11'!$S$14)),1,0)+IF(ISNUMBER(SEARCH(MAP_TNHN!C24&" (2 tiết)",'PL11'!$S$15)),1,0)+IF(ISNUMBER(SEARCH(MAP_TNHN!C24&" (2 tiết)",'PL11'!$S$16)),1,0)+IF(ISNUMBER(SEARCH(MAP_TNHN!C24&" (2 tiết)",'PL11'!$S$17)),1,0)+IF(ISNUMBER(SEARCH(MAP_TNHN!C24&" (2 tiết)",'PL11'!$S$18)),1,0)))) -> 0 | AY23: =IF(S23="",0,IF(MAP_TNHN!D24="",S23*3,S23*3-2*(IF(ISNUMBER(SEARCH(MAP_TNHN!D24&" (1 tiết)",'PL10'!$S$5)),1,0)+IF(ISNUMBER(SEARCH(MAP_TNHN!D24&" (1 tiết)",'PL10'!$S$6)),1,0)+IF(ISNUMBER(SEARCH(MAP_TNHN!D24&" (1 tiết)",'PL10'!$S$7)),1,0)+IF(ISNUMBER(SEARCH(MAP_TNHN!D24&" (1 tiết)",'PL10'!$S$8)),1,0)+IF(ISNUMBER(SEARCH(MAP_TNHN!D24&" (1 tiết)",'PL10'!$S$9)),1,0)+IF(ISNUMBER(SEARCH(MAP_TNHN!D24&" (1 tiết)",'PL10'!$S$10)),1,0)+IF(ISNUMBER(SEARCH(MAP_TNHN!D24&" (1 tiết)",'PL10'!$S$11)),1,0)+IF(ISNUMBER(SEARCH(MAP_TNHN!D24&" (1 tiết)",'PL10'!$S$12)),1,0)+IF(ISNUMBER(SEARCH(MAP_TNHN!D24&" (1 tiết)",'PL10'!$S$13)),1,0)+IF(ISNUMBER(SEARCH(MAP_TNHN!D24&" (1 tiết)",'PL10'!$S$14)),1,0)+IF(ISNUMBER(SEARCH(MAP_TNHN!D24&" (1 tiết)",'PL10'!$S$15)),1,0)+IF(ISNUMBER(SEARCH(MAP_TNHN!D24&" (1 tiết)",'PL10'!$S$16)),1,0)+IF(ISNUMBER(SEARCH(MAP_TNHN!D24&" (1 tiết)",'PL10'!$S$17)),1,0)+IF(ISNUMBER(SEARCH(MAP_TNHN!D24&" (1 tiết)",'PL10'!$S$18)),1,0)+IF(ISNUMBER(SEARCH(MAP_TNHN!D24&" (1 tiết)",'PL10'!$S$19)),1,0)+IF(ISNUMBER(SEARCH(MAP_TNHN!D24&" (1 tiết)",'PL10'!$S$20)),1,0)+IF(ISNUMBER(SEARCH(MAP_TNHN!D24&" (1 tiết)",'PL10'!$S$21)),1,0)+IF(ISNUMBER(SEARCH(MAP_TNHN!D24&" (1 tiết)",'PL10'!$S$22)),1,0)+IF(ISNUMBER(SEARCH(MAP_TNHN!D24&" (1 tiết)",'PL10'!$S$23)),1,0)+IF(ISNUMBER(SEARCH(MAP_TNHN!D24&" (1 tiết)",'PL10'!$S$24)),1,0)+IF(ISNUMBER(SEARCH(MAP_TNHN!D24&" (1 tiết)",'PL10'!$S$25)),1,0))-(IF(ISNUMBER(SEARCH(MAP_TNHN!D24&" (2 tiết)",'PL10'!$S$5)),1,0)+IF(ISNUMBER(SEARCH(MAP_TNHN!D24&" (2 tiết)",'PL10'!$S$6)),1,0)+IF(ISNUMBER(SEARCH(MAP_TNHN!D24&" (2 tiết)",'PL10'!$S$7)),1,0)+IF(ISNUMBER(SEARCH(MAP_TNHN!D24&" (2 tiết)",'PL10'!$S$8)),1,0)+IF(ISNUMBER(SEARCH(MAP_TNHN!D24&" (2 tiết)",'PL10'!$S$9)),1,0)+IF(ISNUMBER(SEARCH(MAP_TNHN!D24&" (2 tiết)",'PL10'!$S$10)),1,0)+IF(ISNUMBER(SEARCH(MAP_TNHN!D24&" (2 tiết)",'PL10'!$S$11)),1,0)+IF(ISNUMBER(SEARCH(MAP_TNHN!D24&" (2 tiết)",'PL10'!$S$12)),1,0)+IF(ISNUMBER(SEARCH(MAP_TNHN!D24&" (2 tiết)",'PL10'!$S$13)),1,0)+IF(ISNUMBER(SEARCH(MAP_TNHN!D24&" (2 tiết)",'PL10'!$S$14)),1,0)+IF(ISNUMBER(SEARCH(MAP_TNHN!D24&" (2 tiết)",'PL10'!$S$15)),1,0)+IF(ISNUMBER(SEARCH(MAP_TNHN!D24&" (2 tiết)",'PL10'!$S$16)),1,0)+IF(ISNUMBER(SEARCH(MAP_TNHN!D24&" (2 tiết)",'PL10'!$S$17)),1,0)+IF(ISNUMBER(SEARCH(MAP_TNHN!D24&" (2 tiết)",'PL10'!$S$18)),1,0)+IF(ISNUMBER(SEARCH(MAP_TNHN!D24&" (2 tiết)",'PL10'!$S$19)),1,0)+IF(ISNUMBER(SEARCH(MAP_TNHN!D24&" (2 tiết)",'PL10'!$S$20)),1,0)+IF(ISNUMBER(SEARCH(MAP_TNHN!D24&" (2 tiết)",'PL10'!$S$21)),1,0)+IF(ISNUMBER(SEARCH(MAP_TNHN!D24&" (2 tiết)",'PL10'!$S$22)),1,0)+IF(ISNUMBER(SEARCH(MAP_TNHN!D24&" (2 tiết)",'PL10'!$S$23)),1,0)+IF(ISNUMBER(SEARCH(MAP_TNHN!D24&" (2 tiết)",'PL10'!$S$24)),1,0)+IF(ISNUMBER(SEARCH(MAP_TNHN!D24&" (2 tiết)",'PL10'!$S$25)),1,0)))) -> 0
B24: 3 | C24: LÊ THỊ TUYẾT THU | D24: 10 | E24: 4 | P24: 5 | Q24: 1 | S24: 1 | U24: =E24*('Phân tiết'!$M$18/4)+G24*('Phân tiết'!$M$21/3)+H24*'Phân tiết'!$L$26+AW24+J24*'Phân tiết'!$M$20+K24*('Phân tiết'!$I$18/4)+M24*('Phân tiết'!$I$21/3)+AX24+O24*'Phân tiết'!$I$20+P24*('Phân tiết'!$E$18/4)+R24*('Phân tiết'!$E$21/3)+AY24+T24*'Phân tiết'!$E$20 -> 19 | V24: =F24*4+L24*4+Q24*4 -> 4 | Z24: =SUM(U24:Y24) -> 23 | AA24: =Z24-17 -> 6 | AD24: =AB24*AC24*1.5 -> 0 | AG24: =AE24*AF24*1.5 -> 0 | AJ24: =AH24*AI24 -> 0 | AK24: =AA24*33+AD24+AG24+AJ24 -> 198 | AN24: x | AO24: 10 | AP24: 10 | AQ24: x | AR24: x | AT24: x | AW24: =IF(I24="",0,IF(MAP_TNHN!B25="",I24*3,I24*3-2*(IF(ISNUMBER(SEARCH(MAP_TNHN!B25&" (1 tiết)",'PL12'!$S$5)),1,0)+IF(ISNUMBER(SEARCH(MAP_TNHN!B25&" (1 tiết)",'PL12'!$S$6)),1,0)+IF(ISNUMBER(SEARCH(MAP_TNHN!B25&" (1 tiết)",'PL12'!$S$7)),1,0)+IF(ISNUMBER(SEARCH(MAP_TNHN!B25&" (1 tiết)",'PL12'!$S$8)),1,0)+IF(ISNUMBER(SEARCH(MAP_TNHN!B25&" (1 tiết)",'PL12'!$S$9)),1,0)+IF(ISNUMBER(SEARCH(MAP_TNHN!B25&" (1 tiết)",'PL12'!$S$10)),1,0)+IF(ISNUMBER(SEARCH(MAP_TNHN!B25&" (1 tiết)",'PL12'!$S$11)),1,0)+IF(ISNUMBER(SEARCH(MAP_TNHN!B25&" (1 tiết)",'PL12'!$S$12)),1,0)+IF(ISNUMBER(SEARCH(MAP_TNHN!B25&" (1 tiết)",'PL12'!$S$13)),1,0)+IF(ISNUMBER(SEARCH(MAP_TNHN!B25&" (1 tiết)",'PL12'!$S$14)),1,0)+IF(ISNUMBER(SEARCH(MAP_TNHN!B25&" (1 tiết)",'PL12'!$S$15)),1,0)+IF(ISNUMBER(SEARCH(MAP_TNHN!B25&" (1 tiết)",'PL12'!$S$16)),1,0)+IF(ISNUMBER(SEARCH(MAP_TNHN!B25&" (1 tiết)",'PL12'!$S$17)),1,0)+IF(ISNUMBER(SEARCH(MAP_TNHN!B25&" (1 tiết)",'PL12'!$S$18)),1,0)+IF(ISNUMBER(SEARCH(MAP_TNHN!B25&" (1 tiết)",'PL12'!$S$19)),1,0))-(IF(ISNUMBER(SEARCH(MAP_TNHN!B25&" (2 tiết)",'PL12'!$S$5)),1,0)+IF(ISNUMBER(SEARCH(MAP_TNHN!B25&" (2 tiết)",'PL12'!$S$6)),1,0)+IF(ISNUMBER(SEARCH(MAP_TNHN!B25&" (2 tiết)",'PL12'!$S$7)),1,0)+IF(ISNUMBER(SEARCH(MAP_TNHN!B25&" (2 tiết)",'PL12'!$S$8)),1,0)+IF(ISNUMBER(SEARCH(MAP_TNHN!B25&" (2 tiết)",'PL12'!$S$9)),1,0)+IF(ISNUMBER(SEARCH(MAP_TNHN!B25&" (2 tiết)",'PL12'!$S$10)),1,0)+IF(ISNUMBER(SEARCH(MAP_TNHN!B25&" (2 tiết)",'PL12'!$S$11)),1,0)+IF(ISNUMBER(SEARCH(MAP_TNHN!B25&" (2 tiết)",'PL12'!$S$12)),1,0)+IF(ISNUMBER(SEARCH(MAP_TNHN!B25&" (2 tiết)",'PL12'!$S$13)),1,0)+IF(ISNUMBER(SEARCH(MAP_TNHN!B25&" (2 tiết)",'PL12'!$S$14)),1,0)+IF(ISNUMBER(SEARCH(MAP_TNHN!B25&" (2 tiết)",'PL12'!$S$15)),1,0)+IF(ISNUMBER(SEARCH(MAP_TNHN!B25&" (2 tiết)",'PL12'!$S$16)),1,0)+IF(ISNUMBER(SEARCH(MAP_TNHN!B25&" (2 tiết)",'PL12'!$S$17)),1,0)+IF(ISNUMBER(SEARCH(MAP_TNHN!B25&" (2 tiết)",'PL12'!$S$18)),1,0)+IF(ISNUMBER(SEARCH(MAP_TNHN!B25&" (2 tiết)",'PL12'!$S$19)),1,0)))) -> 0 | AX24: =IF(N24="",0,IF(MAP_TNHN!C25="",N24*3,N24*3-2*(IF(ISNUMBER(SEARCH(MAP_TNHN!C25&" (1 tiết)",'PL11'!$S$5)),1,0)+IF(ISNUMBER(SEARCH(MAP_TNHN!C25&" (1 tiết)",'PL11'!$S$6)),1,0)+IF(ISNUMBER(SEARCH(MAP_TNHN!C25&" (1 tiết)",'PL11'!$S$7)),1,0)+IF(ISNUMBER(SEARCH(MAP_TNHN!C25&" (1 tiết)",'PL11'!$S$8)),1,0)+IF(ISNUMBER(SEARCH(MAP_TNHN!C25&" (1 tiết)",'PL11'!$S$9)),1,0)+IF(ISNUMBER(SEARCH(MAP_TNHN!C25&" (1 tiết)",'PL11'!$S$10)),1,0)+IF(ISNUMBER(SEARCH(MAP_TNHN!C25&" (1 tiết)",'PL11'!$S$11)),1,0)+IF(ISNUMBER(SEARCH(MAP_TNHN!C25&" (1 tiết)",'PL11'!$S$12)),1,0)+IF(ISNUMBER(SEARCH(MAP_TNHN!C25&" (1 tiết)",'PL11'!$S$13)),1,0)+IF(ISNUMBER(SEARCH(MAP_TNHN!C25&" (1 tiết)",'PL11'!$S$14)),1,0)+IF(ISNUMBER(SEARCH(MAP_TNHN!C25&" (1 tiết)",'PL11'!$S$15)),1,0)+IF(ISNUMBER(SEARCH(MAP_TNHN!C25&" (1 tiết)",'PL11'!$S$16)),1,0)+IF(ISNUMBER(SEARCH(MAP_TNHN!C25&" (1 tiết)",'PL11'!$S$17)),1,0)+IF(ISNUMBER(SEARCH(MAP_TNHN!C25&" (1 tiết)",'PL11'!$S$18)),1,0))-(IF(ISNUMBER(SEARCH(MAP_TNHN!C25&" (2 tiết)",'PL11'!$S$5)),1,0)+IF(ISNUMBER(SEARCH(MAP_TNHN!C25&" (2 tiết)",'PL11'!$S$6)),1,0)+IF(ISNUMBER(SEARCH(MAP_TNHN!C25&" (2 tiết)",'PL11'!$S$7)),1,0)+IF(ISNUMBER(SEARCH(MAP_TNHN!C25&" (2 tiết)",'PL11'!$S$8)),1,0)+IF(ISNUMBER(SEARCH(MAP_TNHN!C25&" (2 tiết)",'PL11'!$S$9)),1,0)+IF(ISNUMBER(SEARCH(MAP_TNHN!C25&" (2 tiết)",'PL11'!$S$10)),1,0)+IF(ISNUMBER(SEARCH(MAP_TNHN!C25&" (2 tiết)",'PL11'!$S$11)),1,0)+IF(ISNUMBER(SEARCH(MAP_TNHN!C25&" (2 tiết)",'PL11'!$S$12)),1,0)+IF(ISNUMBER(SEARCH(MAP_TNHN!C25&" (2 tiết)",'PL11'!$S$13)),1,0)+IF(ISNUMBER(SEARCH(MAP_TNHN!C25&" (2 tiết)",'PL11'!$S$14)),1,0)+IF(ISNUMBER(SEARCH(MAP_TNHN!C25&" (2 tiết)",'PL11'!$S$15)),1,0)+IF(ISNUMBER(SEARCH(MAP_TNHN!C25&" (2 tiết)",'PL11'!$S$16)),1,0)+IF(ISNUMBER(SEARCH(MAP_TNHN!C25&" (2 tiết)",'PL11'!$S$17)),1,0)+IF(ISNUMBER(SEARCH(MAP_TNHN!C25&" (2 tiết)",'PL11'!$S$18)),1,0)))) -> 0 | AY24: =IF(S24="",0,IF(MAP_TNHN!D25="",S24*3,S24*3-2*(IF(ISNUMBER(SEARCH(MAP_TNHN!D25&" (1 tiết)",'PL10'!$S$5)),1,0)+IF(ISNUMBER(SEARCH(MAP_TNHN!D25&" (1 tiết)",'PL10'!$S$6)),1,0)+IF(ISNUMBER(SEARCH(MAP_TNHN!D25&" (1 tiết)",'PL10'!$S$7)),1,0)+IF(ISNUMBER(SEARCH(MAP_TNHN!D25&" (1 tiết)",'PL10'!$S$8)),1,0)+IF(ISNUMBER(SEARCH(MAP_TNHN!D25&" (1 tiết)",'PL10'!$S$9)),1,0)+IF(ISNUMBER(SEARCH(MAP_TNHN!D25&" (1 tiết)",'PL10'!$S$10)),1,0)+IF(ISNUMBER(SEARCH(MAP_TNHN!D25&" (1 tiết)",'PL10'!$S$11)),1,0)+IF(ISNUMBER(SEARCH(MAP_TNHN!D25&" (1 tiết)",'PL10'!$S$12)),1,0)+IF(ISNUMBER(SEARCH(MAP_TNHN!D25&" (1 tiết)",'PL10'!$S$13)),1,0)+IF(ISNUMBER(SEARCH(MAP_TNHN!D25&" (1 tiết)",'PL10'!$S$14)),1,0)+IF(ISNUMBER(SEARCH(MAP_TNHN!D25&" (1 tiết)",'PL10'!$S$15)),1,0)+IF(ISNUMBER(SEARCH(MAP_TNHN!D25&" (1 tiết)",'PL10'!$S$16)),1,0)+IF(ISNUMBER(SEARCH(MAP_TNHN!D25&" (1 tiết)",'PL10'!$S$17)),1,0)+IF(ISNUMBER(SEARCH(MAP_TNHN!D25&" (1 tiết)",'PL10'!$S$18)),1,0)+IF(ISNUMBER(SEARCH(MAP_TNHN!D25&" (1 tiết)",'PL10'!$S$19)),1,0)+IF(ISNUMBER(SEARCH(MAP_TNHN!D25&" (1 tiết)",'PL10'!$S$20)),1,0)+IF(ISNUMBER(SEARCH(MAP_TNHN!D25&" (1 tiết)",'PL10'!$S$21)),1,0)+IF(ISNUMBER(SEARCH(MAP_TNHN!D25&" (1 tiết)",'PL10'!$S$22)),1,0)+IF(ISNUMBER(SEARCH(MAP_TNHN!D25&" (1 tiết)",'PL10'!$S$23)),1,0)+IF(ISNUMBER(SEARCH(MAP_TNHN!D25&" (1 tiết)",'PL10'!$S$24)),1,0)+IF(ISNUMBER(SEARCH(MAP_TNHN!D25&" (1 tiết)",'PL10'!$S$25)),1,0))-(IF(ISNUMBER(SEARCH(MAP_TNHN!D25&" (2 tiết)",'PL10'!$S$5)),1,0)+IF(ISNUMBER(SEARCH(MAP_TNHN!D25&" (2 tiết)",'PL10'!$S$6)),1,0)+IF(ISNUMBER(SEARCH(MAP_TNHN!D25&" (2 tiết)",'PL10'!$S$7)),1,0)+IF(ISNUMBER(SEARCH(MAP_TNHN!D25&" (2 tiết)",'PL10'!$S$8)),1,0)+IF(ISNUMBER(SEARCH(MAP_TNHN!D25&" (2 tiết)",'PL10'!$S$9)),1,0)+IF(ISNUMBER(SEARCH(MAP_TNHN!D25&" (2 tiết)",'PL10'!$S$10)),1,0)+IF(ISNUMBER(SEARCH(MAP_TNHN!D25&" (2 tiết)",'PL10'!$S$11)),1,0)+IF(ISNUMBER(SEARCH(MAP_TNHN!D25&" (2 tiết)",'PL10'!$S$12)),1,0)+IF(ISNUMBER(SEARCH(MAP_TNHN!D25&" (2 tiết)",'PL10'!$S$13)),1,0)+IF(ISNUMBER(SEARCH(MAP_TNHN!D25&" (2 tiết)",'PL10'!$S$14)),1,0)+IF(ISNUMBER(SEARCH(MAP_TNHN!D25&" (2 tiết)",'PL10'!$S$15)),1,0)+IF(ISNUMBER(SEARCH(MAP_TNHN!D25&" (2 tiết)",'PL10'!$S$16)),1,0)+IF(ISNUMBER(SEARCH(MAP_TNHN!D25&" (2 tiết)",'PL10'!$S$17)),1,0)+IF(ISNUMBER(SEARCH(MAP_TNHN!D25&" (2 tiết)",'PL10'!$S$18)),1,0)+IF(ISNUMBER(SEARCH(MAP_TNHN!D25&" (2 tiết)",'PL10'!$S$19)),1,0)+IF(ISNUMBER(SEARCH(MAP_TNHN!D25&" (2 tiết)",'PL10'!$S$20)),1,0)+IF(ISNUMBER(SEARCH(MAP_TNHN!D25&" (2 tiết)",'PL10'!$S$21)),1,0)+IF(ISNUMBER(SEARCH(MAP_TNHN!D25&" (2 tiết)",'PL10'!$S$22)),1,0)+IF(ISNUMBER(SEARCH(MAP_TNHN!D25&" (2 tiết)",'PL10'!$S$23)),1,0)+IF(ISNUMBER(SEARCH(MAP_TNHN!D25&" (2 tiết)",'PL10'!$S$24)),1,0)+IF(ISNUMBER(SEARCH(MAP_TNHN!D25&" (2 tiết)",'PL10'!$S$25)),1,0)))) -> 1
B25: 4 | C25: TRẦN THỊ HẰNG | D25: 11 | K25: 6 | L25: 1 | N25: 1 | P25: 3 | U25: =E25*('Phân tiết'!$M$18/4)+G25*('Phân tiết'!$M$21/3)+H25*'Phân tiết'!$L$26+AW25+J25*'Phân tiết'!$M$20+K25*('Phân tiết'!$I$18/4)+M25*('Phân tiết'!$I$21/3)+AX25+O25*'Phân tiết'!$I$20+P25*('Phân tiết'!$E$18/4)+R25*('Phân tiết'!$E$21/3)+AY25+T25*'Phân tiết'!$E$20 -> 19 | V25: =F25*4+L25*4+Q25*4 -> 4 | Z25: =SUM(U25:Y25) -> 23 | AA25: =Z25-17 -> 6 | AB25: 2 | AC25: 15 | AD25: =AB25*AC25*1.5 -> 45 | AG25: =AE25*AF25*1.5 -> 0 | AJ25: =AH25*AI25 -> 0 | AK25: =AA25*33+AD25+AG25+AJ25 -> 243 | AL25: Olympic 11 | AN25: x | AO25: 11 | AP25: 11 | AQ25: x | AR25: x | AT25: x | AW25: =IF(I25="",0,IF(MAP_TNHN!B26="",I25*3,I25*3-2*(IF(ISNUMBER(SEARCH(MAP_TNHN!B26&" (1 tiết)",'PL12'!$S$5)),1,0)+IF(ISNUMBER(SEARCH(MAP_TNHN!B26&" (1 tiết)",'PL12'!$S$6)),1,0)+IF(ISNUMBER(SEARCH(MAP_TNHN!B26&" (1 tiết)",'PL12'!$S$7)),1,0)+IF(ISNUMBER(SEARCH(MAP_TNHN!B26&" (1 tiết)",'PL12'!$S$8)),1,0)+IF(ISNUMBER(SEARCH(MAP_TNHN!B26&" (1 tiết)",'PL12'!$S$9)),1,0)+IF(ISNUMBER(SEARCH(MAP_TNHN!B26&" (1 tiết)",'PL12'!$S$10)),1,0)+IF(ISNUMBER(SEARCH(MAP_TNHN!B26&" (1 tiết)",'PL12'!$S$11)),1,0)+IF(ISNUMBER(SEARCH(MAP_TNHN!B26&" (1 tiết)",'PL12'!$S$12)),1,0)+IF(ISNUMBER(SEARCH(MAP_TNHN!B26&" (1 tiết)",'PL12'!$S$13)),1,0)+IF(ISNUMBER(SEARCH(MAP_TNHN!B26&" (1 tiết)",'PL12'!$S$14)),1,0)+IF(ISNUMBER(SEARCH(MAP_TNHN!B26&" (1 tiết)",'PL12'!$S$15)),1,0)+IF(ISNUMBER(SEARCH(MAP_TNHN!B26&" (1 tiết)",'PL12'!$S$16)),1,0)+IF(ISNUMBER(SEARCH(MAP_TNHN!B26&" (1 tiết)",'PL12'!$S$17)),1,0)+IF(ISNUMBER(SEARCH(MAP_TNHN!B26&" (1 tiết)",'PL12'!$S$18)),1,0)+IF(ISNUMBER(SEARCH(MAP_TNHN!B26&" (1 tiết)",'PL12'!$S$19)),1,0))-(IF(ISNUMBER(SEARCH(MAP_TNHN!B26&" (2 tiết)",'PL12'!$S$5)),1,0)+IF(ISNUMBER(SEARCH(MAP_TNHN!B26&" (2 tiết)",'PL12'!$S$6)),1,0)+IF(ISNUMBER(SEARCH(MAP_TNHN!B26&" (2 tiết)",'PL12'!$S$7)),1,0)+IF(ISNUMBER(SEARCH(MAP_TNHN!B26&" (2 tiết)",'PL12'!$S$8)),1,0)+IF(ISNUMBER(SEARCH(MAP_TNHN!B26&" (2 tiết)",'PL12'!$S$9)),1,0)+IF(ISNUMBER(SEARCH(MAP_TNHN!B26&" (2 tiết)",'PL12'!$S$10)),1,0)+IF(ISNUMBER(SEARCH(MAP_TNHN!B26&" (2 tiết)",'PL12'!$S$11)),1,0)+IF(ISNUMBER(SEARCH(MAP_TNHN!B26&" (2 tiết)",'PL12'!$S$12)),1,0)+IF(ISNUMBER(SEARCH(MAP_TNHN!B26&" (2 tiết)",'PL12'!$S$13)),1,0)+IF(ISNUMBER(SEARCH(MAP_TNHN!B26&" (2 tiết)",'PL12'!$S$14)),1,0)+IF(ISNUMBER(SEARCH(MAP_TNHN!B26&" (2 tiết)",'PL12'!$S$15)),1,0)+IF(ISNUMBER(SEARCH(MAP_TNHN!B26&" (2 tiết)",'PL12'!$S$16)),1,0)+IF(ISNUMBER(SEARCH(MAP_TNHN!B26&" (2 tiết)",'PL12'!$S$17)),1,0)+IF(ISNUMBER(SEARCH(MAP_TNHN!B26&" (2 tiết)",'PL12'!$S$18)),1,0)+IF(ISNUMBER(SEARCH(MAP_TNHN!B26&" (2 tiết)",'PL12'!$S$19)),1,0)))) -> 0 | AX25: =IF(N25="",0,IF(MAP_TNHN!C26="",N25*3,N25*3-2*(IF(ISNUMBER(SEARCH(MAP_TNHN!C26&" (1 tiết)",'PL11'!$S$5)),1,0)+IF(ISNUMBER(SEARCH(MAP_TNHN!C26&" (1 tiết)",'PL11'!$S$6)),1,0)+IF(ISNUMBER(SEARCH(MAP_TNHN!C26&" (1 tiết)",'PL11'!$S$7)),1,0)+IF(ISNUMBER(SEARCH(MAP_TNHN!C26&" (1 tiết)",'PL11'!$S$8)),1,0)+IF(ISNUMBER(SEARCH(MAP_TNHN!C26&" (1 tiết)",'PL11'!$S$9)),1,0)+IF(ISNUMBER(SEARCH(MAP_TNHN!C26&" (1 tiết)",'PL11'!$S$10)),1,0)+IF(ISNUMBER(SEARCH(MAP_TNHN!C26&" (1 tiết)",'PL11'!$S$11)),1,0)+IF(ISNUMBER(SEARCH(MAP_TNHN!C26&" (1 tiết)",'PL11'!$S$12)),1,0)+IF(ISNUMBER(SEARCH(MAP_TNHN!C26&" (1 tiết)",'PL11'!$S$13)),1,0)+IF(ISNUMBER(SEARCH(MAP_TNHN!C26&" (1 tiết)",'PL11'!$S$14)),1,0)+IF(ISNUMBER(SEARCH(MAP_TNHN!C26&" (1 tiết)",'PL11'!$S$15)),1,0)+IF(ISNUMBER(SEARCH(MAP_TNHN!C26&" (1 tiết)",'PL11'!$S$16)),1,0)+IF(ISNUMBER(SEARCH(MAP_TNHN!C26&" (1 tiết)",'PL11'!$S$17)),1,0)+IF(ISNUMBER(SEARCH(MAP_TNHN!C26&" (1 tiết)",'PL11'!$S$18)),1,0))-(IF(ISNUMBER(SEARCH(MAP_TNHN!C26&" (2 tiết)",'PL11'!$S$5)),1,0)+IF(ISNUMBER(SEARCH(MAP_TNHN!C26&" (2 tiết)",'PL11'!$S$6)),1,0)+IF(ISNUMBER(SEARCH(MAP_TNHN!C26&" (2 tiết)",'PL11'!$S$7)),1,0)+IF(ISNUMBER(SEARCH(MAP_TNHN!C26&" (2 tiết)",'PL11'!$S$8)),1,0)+IF(ISNUMBER(SEARCH(MAP_TNHN!C26&" (2 tiết)",'PL11'!$S$9)),1,0)+IF(ISNUMBER(SEARCH(MAP_TNHN!C26&" (2 tiết)",'PL11'!$S$10)),1,0)+IF(ISNUMBER(SEARCH(MAP_TNHN!C26&" (2 tiết)",'PL11'!$S$11)),1,0)+IF(ISNUMBER(SEARCH(MAP_TNHN!C26&" (2 tiết)",'PL11'!$S$12)),1,0)+IF(ISNUMBER(SEARCH(MAP_TNHN!C26&" (2 tiết)",'PL11'!$S$13)),1,0)+IF(ISNUMBER(SEARCH(MAP_TNHN!C26&" (2 tiết)",'PL11'!$S$14)),1,0)+IF(ISNUMBER(SEARCH(MAP_TNHN!C26&" (2 tiết)",'PL11'!$S$15)),1,0)+IF(ISNUMBER(SEARCH(MAP_TNHN!C26&" (2 tiết)",'PL11'!$S$16)),1,0)+IF(ISNUMBER(SEARCH(MAP_TNHN!C26&" (2 tiết)",'PL11'!$S$17)),1,0)+IF(ISNUMBER(SEARCH(MAP_TNHN!C26&" (2 tiết)",'PL11'!$S$18)),1,0)))) -> 1 | AY25: =IF(S25="",0,IF(MAP_TNHN!D26="",S25*3,S25*3-2*(IF(ISNUMBER(SEARCH(MAP_TNHN!D26&" (1 tiết)",'PL10'!$S$5)),1,0)+IF(ISNUMBER(SEARCH(MAP_TNHN!D26&" (1 tiết)",'PL10'!$S$6)),1,0)+IF(ISNUMBER(SEARCH(MAP_TNHN!D26&" (1 tiết)",'PL10'!$S$7)),1,0)+IF(ISNUMBER(SEARCH(MAP_TNHN!D26&" (1 tiết)",'PL10'!$S$8)),1,0)+IF(ISNUMBER(SEARCH(MAP_TNHN!D26&" (1 tiết)",'PL10'!$S$9)),1,0)+IF(ISNUMBER(SEARCH(MAP_TNHN!D26&" (1 tiết)",'PL10'!$S$10)),1,0)+IF(ISNUMBER(SEARCH(MAP_TNHN!D26&" (1 tiết)",'PL10'!$S$11)),1,0)+IF(ISNUMBER(SEARCH(MAP_TNHN!D26&" (1 tiết)",'PL10'!$S$12)),1,0)+IF(ISNUMBER(SEARCH(MAP_TNHN!D26&" (1 tiết)",'PL10'!$S$13)),1,0)+IF(ISNUMBER(SEARCH(MAP_TNHN!D26&" (1 tiết)",'PL10'!$S$14)),1,0)+IF(ISNUMBER(SEARCH(MAP_TNHN!D26&" (1 tiết)",'PL10'!$S$15)),1,0)+IF(ISNUMBER(SEARCH(MAP_TNHN!D26&" (1 tiết)",'PL10'!$S$16)),1,0)+IF(ISNUMBER(SEARCH(MAP_TNHN!D26&" (1 tiết)",'PL10'!$S$17)),1,0)+IF(ISNUMBER(SEARCH(MAP_TNHN!D26&" (1 tiết)",'PL10'!$S$18)),1,0)+IF(ISNUMBER(SEARCH(MAP_TNHN!D26&" (1 tiết)",'PL10'!$S$19)),1,0)+IF(ISNUMBER(SEARCH(MAP_TNHN!D26&" (1 tiết)",'PL10'!$S$20)),1,0)+IF(ISNUMBER(SEARCH(MAP_TNHN!D26&" (1 tiết)",'PL10'!$S$21)),1,0)+IF(ISNUMBER(SEARCH(MAP_TNHN!D26&" (1 tiết)",'PL10'!$S$22)),1,0)+IF(ISNUMBER(SEARCH(MAP_TNHN!D26&" (1 tiết)",'PL10'!$S$23)),1,0)+IF(ISNUMBER(SEARCH(MAP_TNHN!D26&" (1 tiết)",'PL10'!$S$24)),1,0)+IF(ISNUMBER(SEARCH(MAP_TNHN!D26&" (1 tiết)",'PL10'!$S$25)),1,0))-(IF(ISNUMBER(SEARCH(MAP_TNHN!D26&" (2 tiết)",'PL10'!$S$5)),1,0)+IF(ISNUMBER(SEARCH(MAP_TNHN!D26&" (2 tiết)",'PL10'!$S$6)),1,0)+IF(ISNUMBER(SEARCH(MAP_TNHN!D26&" (2 tiết)",'PL10'!$S$7)),1,0)+IF(ISNUMBER(SEARCH(MAP_TNHN!D26&" (2 tiết)",'PL10'!$S$8)),1,0)+IF(ISNUMBER(SEARCH(MAP_TNHN!D26&" (2 tiết)",'PL10'!$S$9)),1,0)+IF(ISNUMBER(SEARCH(MAP_TNHN!D26&" (2 tiết)",'PL10'!$S$10)),1,0)+IF(ISNUMBER(SEARCH(MAP_TNHN!D26&" (2 tiết)",'PL10'!$S$11)),1,0)+IF(ISNUMBER(SEARCH(MAP_TNHN!D26&" (2 tiết)",'PL10'!$S$12)),1,0)+IF(ISNUMBER(SEARCH(MAP_TNHN!D26&" (2 tiết)",'PL10'!$S$13)),1,0)+IF(ISNUMBER(SEARCH(MAP_TNHN!D26&" (2 tiết)",'PL10'!$S$14)),1,0)+IF(ISNUMBER(SEARCH(MAP_TNHN!D26&" (2 tiết)",'PL10'!$S$15)),1,0)+IF(ISNUMBER(SEARCH(MAP_TNHN!D26&" (2 tiết)",'PL10'!$S$16)),1,0)+IF(ISNUMBER(SEARCH(MAP_TNHN!D26&" (2 tiết)",'PL10'!$S$17)),1,0)+IF(ISNUMBER(SEARCH(MAP_TNHN!D26&" (2 tiết)",'PL10'!$S$18)),1,0)+IF(ISNUMBER(SEARCH(MAP_TNHN!D26&" (2 tiết)",'PL10'!$S$19)),1,0)+IF(ISNUMBER(SEARCH(MAP_TNHN!D26&" (2 tiết)",'PL10'!$S$20)),1,0)+IF(ISNUMBER(SEARCH(MAP_TNHN!D26&" (2 tiết)",'PL10'!$S$21)),1,0)+IF(ISNUMBER(SEARCH(MAP_TNHN!D26&" (2 tiết)",'PL10'!$S$22)),1,0)+IF(ISNUMBER(SEARCH(MAP_TNHN!D26&" (2 tiết)",'PL10'!$S$23)),1,0)+IF(ISNUMBER(SEARCH(MAP_TNHN!D26&" (2 tiết)",'PL10'!$S$24)),1,0)+IF(ISNUMBER(SEARCH(MAP_TNHN!D26&" (2 tiết)",'PL10'!$S$25)),1,0)))) -> 0
C26: Số lớp | E26: =SUM(E22:E25) -> 12 | G26: =SUM(G22:G25) -> 1 | H26: =SUM(H22:H25) -> 2 | K26: =SUM(K22:K25) -> 9 | M26: =SUM(M22:M25) -> 0 | P26: =SUM(P22:P25) -> 15 | R26: =SUM(R22:R25) -> 0 | AD26: =AB26*AC26*1.5 -> 0 | AG26: =AE26*AF26*1.5 -> 0 | AK26: =AA26*33+AD26+AG26+AJ26 -> 0
A27: GD QP&AN | B27: 1 | C27: HOÀNG THỊ TỨ | E27: 7 | K27: 3 | N27: 1 | P27: 4 | T27: 1 | U27: =E27*'Phân tiết'!$M$10+G27*('Phân tiết'!$M$21/3)+H27*'Phân tiết'!$L$26+AW27+J27*'Phân tiết'!$M$20+K27*'Phân tiết'!$I$10+M27*('Phân tiết'!$I$21/3)+AX27+O27*'Phân tiết'!$I$20+P27*'Phân tiết'!$E$10+R27*('Phân tiết'!$E$21/3)+AY27+T27*'Phân tiết'!$E$20 -> 17 | V27: =F27*4+L27*4+Q27*4 -> 0 | W27: TTCM | X27: PCT CĐ | Y27: 6 | Z27: =SUM(U27:Y27) -> 23 | AA27: =Z27-17 -> 6 | AD27: =AB27*AC27*1.5 -> 0 | AG27: =AE27*AF27*1.5 -> 0 | AJ27: =AH27*AI27 -> 0 | AK27: =AA27*33+AD27+AG27+AJ27 -> 198 | AL27: Hội thi 11 | AN27: Thao Giảng | AO27: X | AP27: X | AQ27: X | AR27: X | AT27: X | AU27: LĐTT | AW27: =IF(I27="",0,IF(MAP_TNHN!B28="",I27*3,I27*3-2*(IF(ISNUMBER(SEARCH(MAP_TNHN!B28&" (1 tiết)",'PL12'!$S$5)),1,0)+IF(ISNUMBER(SEARCH(MAP_TNHN!B28&" (1 tiết)",'PL12'!$S$6)),1,0)+IF(ISNUMBER(SEARCH(MAP_TNHN!B28&" (1 tiết)",'PL12'!$S$7)),1,0)+IF(ISNUMBER(SEARCH(MAP_TNHN!B28&" (1 tiết)",'PL12'!$S$8)),1,0)+IF(ISNUMBER(SEARCH(MAP_TNHN!B28&" (1 tiết)",'PL12'!$S$9)),1,0)+IF(ISNUMBER(SEARCH(MAP_TNHN!B28&" (1 tiết)",'PL12'!$S$10)),1,0)+IF(ISNUMBER(SEARCH(MAP_TNHN!B28&" (1 tiết)",'PL12'!$S$11)),1,0)+IF(ISNUMBER(SEARCH(MAP_TNHN!B28&" (1 tiết)",'PL12'!$S$12)),1,0)+IF(ISNUMBER(SEARCH(MAP_TNHN!B28&" (1 tiết)",'PL12'!$S$13)),1,0)+IF(ISNUMBER(SEARCH(MAP_TNHN!B28&" (1 tiết)",'PL12'!$S$14)),1,0)+IF(ISNUMBER(SEARCH(MAP_TNHN!B28&" (1 tiết)",'PL12'!$S$15)),1,0)+IF(ISNUMBER(SEARCH(MAP_TNHN!B28&" (1 tiết)",'PL12'!$S$16)),1,0)+IF(ISNUMBER(SEARCH(MAP_TNHN!B28&" (1 tiết)",'PL12'!$S$17)),1,0)+IF(ISNUMBER(SEARCH(MAP_TNHN!B28&" (1 tiết)",'PL12'!$S$18)),1,0)+IF(ISNUMBER(SEARCH(MAP_TNHN!B28&" (1 tiết)",'PL12'!$S$19)),1,0))-(IF(ISNUMBER(SEARCH(MAP_TNHN!B28&" (2 tiết)",'PL12'!$S$5)),1,0)+IF(ISNUMBER(SEARCH(MAP_TNHN!B28&" (2 tiết)",'PL12'!$S$6)),1,0)+IF(ISNUMBER(SEARCH(MAP_TNHN!B28&" (2 tiết)",'PL12'!$S$7)),1,0)+IF(ISNUMBER(SEARCH(MAP_TNHN!B28&" (2 tiết)",'PL12'!$S$8)),1,0)+IF(ISNUMBER(SEARCH(MAP_TNHN!B28&" (2 tiết)",'PL12'!$S$9)),1,0)+IF(ISNUMBER(SEARCH(MAP_TNHN!B28&" (2 tiết)",'PL12'!$S$10)),1,0)+IF(ISNUMBER(SEARCH(MAP_TNHN!B28&" (2 tiết)",'PL12'!$S$11)),1,0)+IF(ISNUMBER(SEARCH(MAP_TNHN!B28&" (2 tiết)",'PL12'!$S$12)),1,0)+IF(ISNUMBER(SEARCH(MAP_TNHN!B28&" (2 tiết)",'PL12'!$S$13)),1,0)+IF(ISNUMBER(SEARCH(MAP_TNHN!B28&" (2 tiết)",'PL12'!$S$14)),1,0)+IF(ISNUMBER(SEARCH(MAP_TNHN!B28&" (2 tiết)",'PL12'!$S$15)),1,0)+IF(ISNUMBER(SEARCH(MAP_TNHN!B28&" (2 tiết)",'PL12'!$S$16)),1,0)+IF(ISNUMBER(SEARCH(MAP_TNHN!B28&" (2 tiết)",'PL12'!$S$17)),1,0)+IF(ISNUMBER(SEARCH(MAP_TNHN!B28&" (2 tiết)",'PL12'!$S$18)),1,0)+IF(ISNUMBER(SEARCH(MAP_TNHN!B28&" (2 tiết)",'PL12'!$S$19)),1,0)))) -> 0 | AX27: =IF(N27="",0,IF(MAP_TNHN!C28="",N27*3,N27*3-2*(IF(ISNUMBER(SEARCH(MAP_TNHN!C28&" (1 tiết)",'PL11'!$S$5)),1,0)+IF(ISNUMBER(SEARCH(MAP_TNHN!C28&" (1 tiết)",'PL11'!$S$6)),1,0)+IF(ISNUMBER(SEARCH(MAP_TNHN!C28&" (1 tiết)",'PL11'!$S$7)),1,0)+IF(ISNUMBER(SEARCH(MAP_TNHN!C28&" (1 tiết)",'PL11'!$S$8)),1,0)+IF(ISNUMBER(SEARCH(MAP_TNHN!C28&" (1 tiết)",'PL11'!$S$9)),1,0)+IF(ISNUMBER(SEARCH(MAP_TNHN!C28&" (1 tiết)",'PL11'!$S$10)),1,0)+IF(ISNUMBER(SEARCH(MAP_TNHN!C28&" (1 tiết)",'PL11'!$S$11)),1,0)+IF(ISNUMBER(SEARCH(MAP_TNHN!C28&" (1 tiết)",'PL11'!$S$12)),1,0)+IF(ISNUMBER(SEARCH(MAP_TNHN!C28&" (1 tiết)",'PL11'!$S$13)),1,0)+IF(ISNUMBER(SEARCH(MAP_TNHN!C28&" (1 tiết)",'PL11'!$S$14)),1,0)+IF(ISNUMBER(SEARCH(MAP_TNHN!C28&" (1 tiết)",'PL11'!$S$15)),1,0)+IF(ISNUMBER(SEARCH(MAP_TNHN!C28&" (1 tiết)",'PL11'!$S$16)),1,0)+IF(ISNUMBER(SEARCH(MAP_TNHN!C28&" (1 tiết)",'PL11'!$S$17)),1,0)+IF(ISNUMBER(SEARCH(MAP_TNHN!C28&" (1 tiết)",'PL11'!$S$18)),1,0))-(IF(ISNUMBER(SEARCH(MAP_TNHN!C28&" (2 tiết)",'PL11'!$S$5)),1,0)+IF(ISNUMBER(SEARCH(MAP_TNHN!C28&" (2 tiết)",'PL11'!$S$6)),1,0)+IF(ISNUMBER(SEARCH(MAP_TNHN!C28&" (2 tiết)",'PL11'!$S$7)),1,0)+IF(ISNUMBER(SEARCH(MAP_TNHN!C28&" (2 tiết)",'PL11'!$S$8)),1,0)+IF(ISNUMBER(SEARCH(MAP_TNHN!C28&" (2 tiết)",'PL11'!$S$9)),1,0)+IF(ISNUMBER(SEARCH(MAP_TNHN!C28&" (2 tiết)",'PL11'!$S$10)),1,0)+IF(ISNUMBER(SEARCH(MAP_TNHN!C28&" (2 tiết)",'PL11'!$S$11)),1,0)+IF(ISNUMBER(SEARCH(MAP_TNHN!C28&" (2 tiết)",'PL11'!$S$12)),1,0)+IF(ISNUMBER(SEARCH(MAP_TNHN!C28&" (2 tiết)",'PL11'!$S$13)),1,0)+IF(ISNUMBER(SEARCH(MAP_TNHN!C28&" (2 tiết)",'PL11'!$S$14)),1,0)+IF(ISNUMBER(SEARCH(MAP_TNHN!C28&" (2 tiết)",'PL11'!$S$15)),1,0)+IF(ISNUMBER(SEARCH(MAP_TNHN!C28&" (2 tiết)",'PL11'!$S$16)),1,0)+IF(ISNUMBER(SEARCH(MAP_TNHN!C28&" (2 tiết)",'PL11'!$S$17)),1,0)+IF(ISNUMBER(SEARCH(MAP_TNHN!C28&" (2 tiết)",'PL11'!$S$18)),1,0)))) -> 2 | AY27: =IF(S27="",0,IF(MAP_TNHN!D28="",S27*3,S27*3-2*(IF(ISNUMBER(SEARCH(MAP_TNHN!D28&" (1 tiết)",'PL10'!$S$5)),1,0)+IF(ISNUMBER(SEARCH(MAP_TNHN!D28&" (1 tiết)",'PL10'!$S$6)),1,0)+IF(ISNUMBER(SEARCH(MAP_TNHN!D28&" (1 tiết)",'PL10'!$S$7)),1,0)+IF(ISNUMBER(SEARCH(MAP_TNHN!D28&" (1 tiết)",'PL10'!$S$8)),1,0)+IF(ISNUMBER(SEARCH(MAP_TNHN!D28&" (1 tiết)",'PL10'!$S$9)),1,0)+IF(ISNUMBER(SEARCH(MAP_TNHN!D28&" (1 tiết)",'PL10'!$S$10)),1,0)+IF(ISNUMBER(SEARCH(MAP_TNHN!D28&" (1 tiết)",'PL10'!$S$11)),1,0)+IF(ISNUMBER(SEARCH(MAP_TNHN!D28&" (1 tiết)",'PL10'!$S$12)),1,0)+IF(ISNUMBER(SEARCH(MAP_TNHN!D28&" (1 tiết)",'PL10'!$S$13)),1,0)+IF(ISNUMBER(SEARCH(MAP_TNHN!D28&" (1 tiết)",'PL10'!$S$14)),1,0)+IF(ISNUMBER(SEARCH(MAP_TNHN!D28&" (1 tiết)",'PL10'!$S$15)),1,0)+IF(ISNUMBER(SEARCH(MAP_TNHN!D28&" (1 tiết)",'PL10'!$S$16)),1,0)+IF(ISNUMBER(SEARCH(MAP_TNHN!D28&" (1 tiết)",'PL10'!$S$17)),1,0)+IF(ISNUMBER(SEARCH(MAP_TNHN!D28&" (1 tiết)",'PL10'!$S$18)),1,0)+IF(ISNUMBER(SEARCH(MAP_TNHN!D28&" (1 tiết)",'PL10'!$S$19)),1,0)+IF(ISNUMBER(SEARCH(MAP_TNHN!D28&" (1 tiết)",'PL10'!$S$20)),1,0)+IF(ISNUMBER(SEARCH(MAP_TNHN!D28&" (1 tiết)",'PL10'!$S$21)),1,0)+IF(ISNUMBER(SEARCH(MAP_TNHN!D28&" (1 tiết)",'PL10'!$S$22)),1,0)+IF(ISNUMBER(SEARCH(MAP_TNHN!D28&" (1 tiết)",'PL10'!$S$23)),1,0)+IF(ISNUMBER(SEARCH(MAP_TNHN!D28&" (1 tiết)",'PL10'!$S$24)),1,0)+IF(ISNUMBER(SEARCH(MAP_TNHN!D28&" (1 tiết)",'PL10'!$S$25)),1,0))-(IF(ISNUMBER(SEARCH(MAP_TNHN!D28&" (2 tiết)",'PL10'!$S$5)),1,0)+IF(ISNUMBER(SEARCH(MAP_TNHN!D28&" (2 tiết)",'PL10'!$S$6)),1,0)+IF(ISNUMBER(SEARCH(MAP_TNHN!D28&" (2 tiết)",'PL10'!$S$7)),1,0)+IF(ISNUMBER(SEARCH(MAP_TNHN!D28&" (2 tiết)",'PL10'!$S$8)),1,0)+IF(ISNUMBER(SEARCH(MAP_TNHN!D28&" (2 tiết)",'PL10'!$S$9)),1,0)+IF(ISNUMBER(SEARCH(MAP_TNHN!D28&" (2 tiết)",'PL10'!$S$10)),1,0)+IF(ISNUMBER(SEARCH(MAP_TNHN!D28&" (2 tiết)",'PL10'!$S$11)),1,0)+IF(ISNUMBER(SEARCH(MAP_TNHN!D28&" (2 tiết)",'PL10'!$S$12)),1,0)+IF(ISNUMBER(SEARCH(MAP_TNHN!D28&" (2 tiết)",'PL10'!$S$13)),1,0)+IF(ISNUMBER(SEARCH(MAP_TNHN!D28&" (2 tiết)",'PL10'!$S$14)),1,0)+IF(ISNUMBER(SEARCH(MAP_TNHN!D28&" (2 tiết)",'PL10'!$S$15)),1,0)+IF(ISNUMBER(SEARCH(MAP_TNHN!D28&" (2 tiết)",'PL10'!$S$16)),1,0)+IF(ISNUMBER(SEARCH(MAP_TNHN!D28&" (2 tiết)",'PL10'!$S$17)),1,0)+IF(ISNUMBER(SEARCH(MAP_TNHN!D28&" (2 tiết)",'PL10'!$S$18)),1,0)+IF(ISNUMBER(SEARCH(MAP_TNHN!D28&" (2 tiết)",'PL10'!$S$19)),1,0)+IF(ISNUMBER(SEARCH(MAP_TNHN!D28&" (2 tiết)",'PL10'!$S$20)),1,0)+IF(ISNUMBER(SEARCH(MAP_TNHN!D28&" (2 tiết)",'PL10'!$S$21)),1,0)+IF(ISNUMBER(SEARCH(MAP_TNHN!D28&" (2 tiết)",'PL10'!$S$22)),1,0)+IF(ISNUMBER(SEARCH(MAP_TNHN!D28&" (2 tiết)",'PL10'!$S$23)),1,0)+IF(ISNUMBER(SEARCH(MAP_TNHN!D28&" (2 tiết)",'PL10'!$S$24)),1,0)+IF(ISNUMBER(SEARCH(MAP_TNHN!D28&" (2 tiết)",'PL10'!$S$25)),1,0)))) -> 0
B28: 2 | C28: HỒ VĂN VĨNH | E28: 8 | K28: 3 | P28: 9 | U28: =E28*'Phân tiết'!$M$10+G28*('Phân tiết'!$M$21/3)+H28*'Phân tiết'!$L$26+AW28+J28*'Phân tiết'!$M$20+K28*'Phân tiết'!$I$10+M28*('Phân tiết'!$I$21/3)+AX28+O28*'Phân tiết'!$I$20+P28*'Phân tiết'!$E$10+R28*('Phân tiết'!$E$21/3)+AY28+T28*'Phân tiết'!$E$20 -> 20 | V28: =F28*4+L28*4+Q28*4 -> 0 | W28: PTPM | Y28: 3 | Z28: =SUM(U28:Y28) -> 23 | AA28: =Z28-17 -> 6 | AD28: =AB28*AC28*1.5 -> 0 | AG28: =AE28*AF28*1.5 -> 0 | AJ28: =AH28*AI28 -> 0 | AK28: =AA28*33+AD28+AG28+AJ28 -> 198 | AL28: Hội thi 12 | AQ28: X | AT28: X | AU28: CSTĐ | AW28: =IF(I28="",0,IF(MAP_TNHN!B29="",I28*3,I28*3-2*(IF(ISNUMBER(SEARCH(MAP_TNHN!B29&" (1 tiết)",'PL12'!$S$5)),1,0)+IF(ISNUMBER(SEARCH(MAP_TNHN!B29&" (1 tiết)",'PL12'!$S$6)),1,0)+IF(ISNUMBER(SEARCH(MAP_TNHN!B29&" (1 tiết)",'PL12'!$S$7)),1,0)+IF(ISNUMBER(SEARCH(MAP_TNHN!B29&" (1 tiết)",'PL12'!$S$8)),1,0)+IF(ISNUMBER(SEARCH(MAP_TNHN!B29&" (1 tiết)",'PL12'!$S$9)),1,0)+IF(ISNUMBER(SEARCH(MAP_TNHN!B29&" (1 tiết)",'PL12'!$S$10)),1,0)+IF(ISNUMBER(SEARCH(MAP_TNHN!B29&" (1 tiết)",'PL12'!$S$11)),1,0)+IF(ISNUMBER(SEARCH(MAP_TNHN!B29&" (1 tiết)",'PL12'!$S$12)),1,0)+IF(ISNUMBER(SEARCH(MAP_TNHN!B29&" (1 tiết)",'PL12'!$S$13)),1,0)+IF(ISNUMBER(SEARCH(MAP_TNHN!B29&" (1 tiết)",'PL12'!$S$14)),1,0)+IF(ISNUMBER(SEARCH(MAP_TNHN!B29&" (1 tiết)",'PL12'!$S$15)),1,0)+IF(ISNUMBER(SEARCH(MAP_TNHN!B29&" (1 tiết)",'PL12'!$S$16)),1,0)+IF(ISNUMBER(SEARCH(MAP_TNHN!B29&" (1 tiết)",'PL12'!$S$17)),1,0)+IF(ISNUMBER(SEARCH(MAP_TNHN!B29&" (1 tiết)",'PL12'!$S$18)),1,0)+IF(ISNUMBER(SEARCH(MAP_TNHN!B29&" (1 tiết)",'PL12'!$S$19)),1,0))-(IF(ISNUMBER(SEARCH(MAP_TNHN!B29&" (2 tiết)",'PL12'!$S$5)),1,0)+IF(ISNUMBER(SEARCH(MAP_TNHN!B29&" (2 tiết)",'PL12'!$S$6)),1,0)+IF(ISNUMBER(SEARCH(MAP_TNHN!B29&" (2 tiết)",'PL12'!$S$7)),1,0)+IF(ISNUMBER(SEARCH(MAP_TNHN!B29&" (2 tiết)",'PL12'!$S$8)),1,0)+IF(ISNUMBER(SEARCH(MAP_TNHN!B29&" (2 tiết)",'PL12'!$S$9)),1,0)+IF(ISNUMBER(SEARCH(MAP_TNHN!B29&" (2 tiết)",'PL12'!$S$10)),1,0)+IF(ISNUMBER(SEARCH(MAP_TNHN!B29&" (2 tiết)",'PL12'!$S$11)),1,0)+IF(ISNUMBER(SEARCH(MAP_TNHN!B29&" (2 tiết)",'PL12'!$S$12)),1,0)+IF(ISNUMBER(SEARCH(MAP_TNHN!B29&" (2 tiết)",'PL12'!$S$13)),1,0)+IF(ISNUMBER(SEARCH(MAP_TNHN!B29&" (2 tiết)",'PL12'!$S$14)),1,0)+IF(ISNUMBER(SEARCH(MAP_TNHN!B29&" (2 tiết)",'PL12'!$S$15)),1,0)+IF(ISNUMBER(SEARCH(MAP_TNHN!B29&" (2 tiết)",'PL12'!$S$16)),1,0)+IF(ISNUMBER(SEARCH(MAP_TNHN!B29&" (2 tiết)",'PL12'!$S$17)),1,0)+IF(ISNUMBER(SEARCH(MAP_TNHN!B29&" (2 tiết)",'PL12'!$S$18)),1,0)+IF(ISNUMBER(SEARCH(MAP_TNHN!B29&" (2 tiết)",'PL12'!$S$19)),1,0)))) -> 0 | AX28: =IF(N28="",0,IF(MAP_TNHN!C29="",N28*3,N28*3-2*(IF(ISNUMBER(SEARCH(MAP_TNHN!C29&" (1 tiết)",'PL11'!$S$5)),1,0)+IF(ISNUMBER(SEARCH(MAP_TNHN!C29&" (1 tiết)",'PL11'!$S$6)),1,0)+IF(ISNUMBER(SEARCH(MAP_TNHN!C29&" (1 tiết)",'PL11'!$S$7)),1,0)+IF(ISNUMBER(SEARCH(MAP_TNHN!C29&" (1 tiết)",'PL11'!$S$8)),1,0)+IF(ISNUMBER(SEARCH(MAP_TNHN!C29&" (1 tiết)",'PL11'!$S$9)),1,0)+IF(ISNUMBER(SEARCH(MAP_TNHN!C29&" (1 tiết)",'PL11'!$S$10)),1,0)+IF(ISNUMBER(SEARCH(MAP_TNHN!C29&" (1 tiết)",'PL11'!$S$11)),1,0)+IF(ISNUMBER(SEARCH(MAP_TNHN!C29&" (1 tiết)",'PL11'!$S$12)),1,0)+IF(ISNUMBER(SEARCH(MAP_TNHN!C29&" (1 tiết)",'PL11'!$S$13)),1,0)+IF(ISNUMBER(SEARCH(MAP_TNHN!C29&" (1 tiết)",'PL11'!$S$14)),1,0)+IF(ISNUMBER(SEARCH(MAP_TNHN!C29&" (1 tiết)",'PL11'!$S$15)),1,0)+IF(ISNUMBER(SEARCH(MAP_TNHN!C29&" (1 tiết)",'PL11'!$S$16)),1,0)+IF(ISNUMBER(SEARCH(MAP_TNHN!C29&" (1 tiết)",'PL11'!$S$17)),1,0)+IF(ISNUMBER(SEARCH(MAP_TNHN!C29&" (1 tiết)",'PL11'!$S$18)),1,0))-(IF(ISNUMBER(SEARCH(MAP_TNHN!C29&" (2 tiết)",'PL11'!$S$5)),1,0)+IF(ISNUMBER(SEARCH(MAP_TNHN!C29&" (2 tiết)",'PL11'!$S$6)),1,0)+IF(ISNUMBER(SEARCH(MAP_TNHN!C29&" (2 tiết)",'PL11'!$S$7)),1,0)+IF(ISNUMBER(SEARCH(MAP_TNHN!C29&" (2 tiết)",'PL11'!$S$8)),1,0)+IF(ISNUMBER(SEARCH(MAP_TNHN!C29&" (2 tiết)",'PL11'!$S$9)),1,0)+IF(ISNUMBER(SEARCH(MAP_TNHN!C29&" (2 tiết)",'PL11'!$S$10)),1,0)+IF(ISNUMBER(SEARCH(MAP_TNHN!C29&" (2 tiết)",'PL11'!$S$11)),1,0)+IF(ISNUMBER(SEARCH(MAP_TNHN!C29&" (2 tiết)",'PL11'!$S$12)),1,0)+IF(ISNUMBER(SEARCH(MAP_TNHN!C29&" (2 tiết)",'PL11'!$S$13)),1,0)+IF(ISNUMBER(SEARCH(MAP_TNHN!C29&" (2 tiết)",'PL11'!$S$14)),1,0)+IF(ISNUMBER(SEARCH(MAP_TNHN!C29&" (2 tiết)",'PL11'!$S$15)),1,0)+IF(ISNUMBER(SEARCH(MAP_TNHN!C29&" (2 tiết)",'PL11'!$S$16)),1,0)+IF(ISNUMBER(SEARCH(MAP_TNHN!C29&" (2 tiết)",'PL11'!$S$17)),1,0)+IF(ISNUMBER(SEARCH(MAP_TNHN!C29&" (2 tiết)",'PL11'!$S$18)),1,0)))) -> 0 | AY28: =IF(S28="",0,IF(MAP_TNHN!D29="",S28*3,S28*3-2*(IF(ISNUMBER(SEARCH(MAP_TNHN!D29&" (1 tiết)",'PL10'!$S$5)),1,0)+IF(ISNUMBER(SEARCH(MAP_TNHN!D29&" (1 tiết)",'PL10'!$S$6)),1,0)+IF(ISNUMBER(SEARCH(MAP_TNHN!D29&" (1 tiết)",'PL10'!$S$7)),1,0)+IF(ISNUMBER(SEARCH(MAP_TNHN!D29&" (1 tiết)",'PL10'!$S$8)),1,0)+IF(ISNUMBER(SEARCH(MAP_TNHN!D29&" (1 tiết)",'PL10'!$S$9)),1,0)+IF(ISNUMBER(SEARCH(MAP_TNHN!D29&" (1 tiết)",'PL10'!$S$10)),1,0)+IF(ISNUMBER(SEARCH(MAP_TNHN!D29&" (1 tiết)",'PL10'!$S$11)),1,0)+IF(ISNUMBER(SEARCH(MAP_TNHN!D29&" (1 tiết)",'PL10'!$S$12)),1,0)+IF(ISNUMBER(SEARCH(MAP_TNHN!D29&" (1 tiết)",'PL10'!$S$13)),1,0)+IF(ISNUMBER(SEARCH(MAP_TNHN!D29&" (1 tiết)",'PL10'!$S$14)),1,0)+IF(ISNUMBER(SEARCH(MAP_TNHN!D29&" (1 tiết)",'PL10'!$S$15)),1,0)+IF(ISNUMBER(SEARCH(MAP_TNHN!D29&" (1 tiết)",'PL10'!$S$16)),1,0)+IF(ISNUMBER(SEARCH(MAP_TNHN!D29&" (1 tiết)",'PL10'!$S$17)),1,0)+IF(ISNUMBER(SEARCH(MAP_TNHN!D29&" (1 tiết)",'PL10'!$S$18)),1,0)+IF(ISNUMBER(SEARCH(MAP_TNHN!D29&" (1 tiết)",'PL10'!$S$19)),1,0)+IF(ISNUMBER(SEARCH(MAP_TNHN!D29&" (1 tiết)",'PL10'!$S$20)),1,0)+IF(ISNUMBER(SEARCH(MAP_TNHN!D29&" (1 tiết)",'PL10'!$S$21)),1,0)+IF(ISNUMBER(SEARCH(MAP_TNHN!D29&" (1 tiết)",'PL10'!$S$22)),1,0)+IF(ISNUMBER(SEARCH(MAP_TNHN!D29&" (1 tiết)",'PL10'!$S$23)),1,0)+IF(ISNUMBER(SEARCH(MAP_TNHN!D29&" (1 tiết)",'PL10'!$S$24)),1,0)+IF(ISNUMBER(SEARCH(MAP_TNHN!D29&" (1 tiết)",'PL10'!$S$25)),1,0))-(IF(ISNUMBER(SEARCH(MAP_TNHN!D29&" (2 tiết)",'PL10'!$S$5)),1,0)+IF(ISNUMBER(SEARCH(MAP_TNHN!D29&" (2 tiết)",'PL10'!$S$6)),1,0)+IF(ISNUMBER(SEARCH(MAP_TNHN!D29&" (2 tiết)",'PL10'!$S$7)),1,0)+IF(ISNUMBER(SEARCH(MAP_TNHN!D29&" (2 tiết)",'PL10'!$S$8)),1,0)+IF(ISNUMBER(SEARCH(MAP_TNHN!D29&" (2 tiết)",'PL10'!$S$9)),1,0)+IF(ISNUMBER(SEARCH(MAP_TNHN!D29&" (2 tiết)",'PL10'!$S$10)),1,0)+IF(ISNUMBER(SEARCH(MAP_TNHN!D29&" (2 tiết)",'PL10'!$S$11)),1,0)+IF(ISNUMBER(SEARCH(MAP_TNHN!D29&" (2 tiết)",'PL10'!$S$12)),1,0)+IF(ISNUMBER(SEARCH(MAP_TNHN!D29&" (2 tiết)",'PL10'!$S$13)),1,0)+IF(ISNUMBER(SEARCH(MAP_TNHN!D29&" (2 tiết)",'PL10'!$S$14)),1,0)+IF(ISNUMBER(SEARCH(MAP_TNHN!D29&" (2 tiết)",'PL10'!$S$15)),1,0)+IF(ISNUMBER(SEARCH(MAP_TNHN!D29&" (2 tiết)",'PL10'!$S$16)),1,0)+IF(ISNUMBER(SEARCH(MAP_TNHN!D29&" (2 tiết)",'PL10'!$S$17)),1,0)+IF(ISNUMBER(SEARCH(MAP_TNHN!D29&" (2 tiết)",'PL10'!$S$18)),1,0)+IF(ISNUMBER(SEARCH(MAP_TNHN!D29&" (2 tiết)",'PL10'!$S$19)),1,0)+IF(ISNUMBER(SEARCH(MAP_TNHN!D29&" (2 tiết)",'PL10'!$S$20)),1,0)+IF(ISNUMBER(SEARCH(MAP_TNHN!D29&" (2 tiết)",'PL10'!$S$21)),1,0)+IF(ISNUMBER(SEARCH(MAP_TNHN!D29&" (2 tiết)",'PL10'!$S$22)),1,0)+IF(ISNUMBER(SEARCH(MAP_TNHN!D29&" (2 tiết)",'PL10'!$S$23)),1,0)+IF(ISNUMBER(SEARCH(MAP_TNHN!D29&" (2 tiết)",'PL10'!$S$24)),1,0)+IF(ISNUMBER(SEARCH(MAP_TNHN!D29&" (2 tiết)",'PL10'!$S$25)),1,0)))) -> 0
B29: 3 | C29: HỒ PHƯƠNG THẢO | D29: 10 | E29: 0 | K29: 8 | O29: 1 | P29: 8 | Q29: 1 | S29: 1 | U29: =E29*'Phân tiết'!$M$10+G29*('Phân tiết'!$M$21/3)+H29*'Phân tiết'!$L$26+AW29+J29*'Phân tiết'!$M$20+K29*'Phân tiết'!$I$10+M29*('Phân tiết'!$I$21/3)+AX29+O29*'Phân tiết'!$I$20+P29*'Phân tiết'!$E$10+R29*('Phân tiết'!$E$21/3)+AY29+T29*'Phân tiết'!$E$20 -> 18 | V29: =F29*4+L29*4+Q29*4 -> 4 | X29: TTCĐ | Y29: 1 | Z29: =SUM(U29:Y29) -> 23 | AA29: =Z29-17 -> 6 | AD29: =AB29*AC29*1.5 -> 0 | AG29: =AE29*AF29*1.5 -> 0 | AJ29: =AH29*AI29 -> 0 | AK29: =AA29*33+AD29+AG29+AJ29 -> 198 | AL29: Hội thi 10 | AN29: Giáo Viên Giỏi | AQ29: X | AT29: X | AU29: CSTĐ | AV29: Thanh tra toàn diện; VC HTXSNV | AW29: =IF(I29="",0,IF(MAP_TNHN!B30="",I29*3,I29*3-2*(IF(ISNUMBER(SEARCH(MAP_TNHN!B30&" (1 tiết)",'PL12'!$S$5)),1,0)+IF(ISNUMBER(SEARCH(MAP_TNHN!B30&" (1 tiết)",'PL12'!$S$6)),1,0)+IF(ISNUMBER(SEARCH(MAP_TNHN!B30&" (1 tiết)",'PL12'!$S$7)),1,0)+IF(ISNUMBER(SEARCH(MAP_TNHN!B30&" (1 tiết)",'PL12'!$S$8)),1,0)+IF(ISNUMBER(SEARCH(MAP_TNHN!B30&" (1 tiết)",'PL12'!$S$9)),1,0)+IF(ISNUMBER(SEARCH(MAP_TNHN!B30&" (1 tiết)",'PL12'!$S$10)),1,0)+IF(ISNUMBER(SEARCH(MAP_TNHN!B30&" (1 tiết)",'PL12'!$S$11)),1,0)+IF(ISNUMBER(SEARCH(MAP_TNHN!B30&" (1 tiết)",'PL12'!$S$12)),1,0)+IF(ISNUMBER(SEARCH(MAP_TNHN!B30&" (1 tiết)",'PL12'!$S$13)),1,0)+IF(ISNUMBER(SEARCH(MAP_TNHN!B30&" (1 tiết)",'PL12'!$S$14)),1,0)+IF(ISNUMBER(SEARCH(MAP_TNHN!B30&" (1 tiết)",'PL12'!$S$15)),1,0)+IF(ISNUMBER(SEARCH(MAP_TNHN!B30&" (1 tiết)",'PL12'!$S$16)),1,0)+IF(ISNUMBER(SEARCH(MAP_TNHN!B30&" (1 tiết)",'PL12'!$S$17)),1,0)+IF(ISNUMBER(SEARCH(MAP_TNHN!B30&" (1 tiết)",'PL12'!$S$18)),1,0)+IF(ISNUMBER(SEARCH(MAP_TNHN!B30&" (1 tiết)",'PL12'!$S$19)),1,0))-(IF(ISNUMBER(SEARCH(MAP_TNHN!B30&" (2 tiết)",'PL12'!$S$5)),1,0)+IF(ISNUMBER(SEARCH(MAP_TNHN!B30&" (2 tiết)",'PL12'!$S$6)),1,0)+IF(ISNUMBER(SEARCH(MAP_TNHN!B30&" (2 tiết)",'PL12'!$S$7)),1,0)+IF(ISNUMBER(SEARCH(MAP_TNHN!B30&" (2 tiết)",'PL12'!$S$8)),1,0)+IF(ISNUMBER(SEARCH(MAP_TNHN!B30&" (2 tiết)",'PL12'!$S$9)),1,0)+IF(ISNUMBER(SEARCH(MAP_TNHN!B30&" (2 tiết)",'PL12'!$S$10)),1,0)+IF(ISNUMBER(SEARCH(MAP_TNHN!B30&" (2 tiết)",'PL12'!$S$11)),1,0)+IF(ISNUMBER(SEARCH(MAP_TNHN!B30&" (2 tiết)",'PL12'!$S$12)),1,0)+IF(ISNUMBER(SEARCH(MAP_TNHN!B30&" (2 tiết)",'PL12'!$S$13)),1,0)+IF(ISNUMBER(SEARCH(MAP_TNHN!B30&" (2 tiết)",'PL12'!$S$14)),1,0)+IF(ISNUMBER(SEARCH(MAP_TNHN!B30&" (2 tiết)",'PL12'!$S$15)),1,0)+IF(ISNUMBER(SEARCH(MAP_TNHN!B30&" (2 tiết)",'PL12'!$S$16)),1,0)+IF(ISNUMBER(SEARCH(MAP_TNHN!B30&" (2 tiết)",'PL12'!$S$17)),1,0)+IF(ISNUMBER(SEARCH(MAP_TNHN!B30&" (2 tiết)",'PL12'!$S$18)),1,0)+IF(ISNUMBER(SEARCH(MAP_TNHN!B30&" (2 tiết)",'PL12'!$S$19)),1,0)))) -> 0 | AX29: =IF(N29="",0,IF(MAP_TNHN!C30="",N29*3,N29*3-2*(IF(ISNUMBER(SEARCH(MAP_TNHN!C30&" (1 tiết)",'PL11'!$S$5)),1,0)+IF(ISNUMBER(SEARCH(MAP_TNHN!C30&" (1 tiết)",'PL11'!$S$6)),1,0)+IF(ISNUMBER(SEARCH(MAP_TNHN!C30&" (1 tiết)",'PL11'!$S$7)),1,0)+IF(ISNUMBER(SEARCH(MAP_TNHN!C30&" (1 tiết)",'PL11'!$S$8)),1,0)+IF(ISNUMBER(SEARCH(MAP_TNHN!C30&" (1 tiết)",'PL11'!$S$9)),1,0)+IF(ISNUMBER(SEARCH(MAP_TNHN!C30&" (1 tiết)",'PL11'!$S$10)),1,0)+IF(ISNUMBER(SEARCH(MAP_TNHN!C30&" (1 tiết)",'PL11'!$S$11)),1,0)+IF(ISNUMBER(SEARCH(MAP_TNHN!C30&" (1 tiết)",'PL11'!$S$12)),1,0)+IF(ISNUMBER(SEARCH(MAP_TNHN!C30&" (1 tiết)",'PL11'!$S$13)),1,0)+IF(ISNUMBER(SEARCH(MAP_TNHN!C30&" (1 tiết)",'PL11'!$S$14)),1,0)+IF(ISNUMBER(SEARCH(MAP_TNHN!C30&" (1 tiết)",'PL11'!$S$15)),1,0)+IF(ISNUMBER(SEARCH(MAP_TNHN!C30&" (1 tiết)",'PL11'!$S$16)),1,0)+IF(ISNUMBER(SEARCH(MAP_TNHN!C30&" (1 tiết)",'PL11'!$S$17)),1,0)+IF(ISNUMBER(SEARCH(MAP_TNHN!C30&" (1 tiết)",'PL11'!$S$18)),1,0))-(IF(ISNUMBER(SEARCH(MAP_TNHN!C30&" (2 tiết)",'PL11'!$S$5)),1,0)+IF(ISNUMBER(SEARCH(MAP_TNHN!C30&" (2 tiết)",'PL11'!$S$6)),1,0)+IF(ISNUMBER(SEARCH(MAP_TNHN!C30&" (2 tiết)",'PL11'!$S$7)),1,0)+IF(ISNUMBER(SEARCH(MAP_TNHN!C30&" (2 tiết)",'PL11'!$S$8)),1,0)+IF(ISNUMBER(SEARCH(MAP_TNHN!C30&" (2 tiết)",'PL11'!$S$9)),1,0)+IF(ISNUMBER(SEARCH(MAP_TNHN!C30&" (2 tiết)",'PL11'!$S$10)),1,0)+IF(ISNUMBER(SEARCH(MAP_TNHN!C30&" (2 tiết)",'PL11'!$S$11)),1,0)+IF(ISNUMBER(SEARCH(MAP_TNHN!C30&" (2 tiết)",'PL11'!$S$12)),1,0)+IF(ISNUMBER(SEARCH(MAP_TNHN!C30&" (2 tiết)",'PL11'!$S$13)),1,0)+IF(ISNUMBER(SEARCH(MAP_TNHN!C30&" (2 tiết)",'PL11'!$S$14)),1,0)+IF(ISNUMBER(SEARCH(MAP_TNHN!C30&" (2 tiết)",'PL11'!$S$15)),1,0)+IF(ISNUMBER(SEARCH(MAP_TNHN!C30&" (2 tiết)",'PL11'!$S$16)),1,0)+IF(ISNUMBER(SEARCH(MAP_TNHN!C30&" (2 tiết)",'PL11'!$S$17)),1,0)+IF(ISNUMBER(SEARCH(MAP_TNHN!C30&" (2 tiết)",'PL11'!$S$18)),1,0)))) -> 0 | AY29: =IF(S29="",0,IF(MAP_TNHN!D30="",S29*3,S29*3-2*(IF(ISNUMBER(SEARCH(MAP_TNHN!D30&" (1 tiết)",'PL10'!$S$5)),1,0)+IF(ISNUMBER(SEARCH(MAP_TNHN!D30&" (1 tiết)",'PL10'!$S$6)),1,0)+IF(ISNUMBER(SEARCH(MAP_TNHN!D30&" (1 tiết)",'PL10'!$S$7)),1,0)+IF(ISNUMBER(SEARCH(MAP_TNHN!D30&" (1 tiết)",'PL10'!$S$8)),1,0)+IF(ISNUMBER(SEARCH(MAP_TNHN!D30&" (1 tiết)",'PL10'!$S$9)),1,0)+IF(ISNUMBER(SEARCH(MAP_TNHN!D30&" (1 tiết)",'PL10'!$S$10)),1,0)+IF(ISNUMBER(SEARCH(MAP_TNHN!D30&" (1 tiết)",'PL10'!$S$11)),1,0)+IF(ISNUMBER(SEARCH(MAP_TNHN!D30&" (1 tiết)",'PL10'!$S$12)),1,0)+IF(ISNUMBER(SEARCH(MAP_TNHN!D30&" (1 tiết)",'PL10'!$S$13)),1,0)+IF(ISNUMBER(SEARCH(MAP_TNHN!D30&" (1 tiết)",'PL10'!$S$14)),1,0)+IF(ISNUMBER(SEARCH(MAP_TNHN!D30&" (1 tiết)",'PL10'!$S$15)),1,0)+IF(ISNUMBER(SEARCH(MAP_TNHN!D30&" (1 tiết)",'PL10'!$S$16)),1,0)+IF(ISNUMBER(SEARCH(MAP_TNHN!D30&" (1 tiết)",'PL10'!$S$17)),1,0)+IF(ISNUMBER(SEARCH(MAP_TNHN!D30&" (1 tiết)",'PL10'!$S$18)),1,0)+IF(ISNUMBER(SEARCH(MAP_TNHN!D30&" (1 tiết)",'PL10'!$S$19)),1,0)+IF(ISNUMBER(SEARCH(MAP_TNHN!D30&" (1 tiết)",'PL10'!$S$20)),1,0)+IF(ISNUMBER(SEARCH(MAP_TNHN!D30&" (1 tiết)",'PL10'!$S$21)),1,0)+IF(ISNUMBER(SEARCH(MAP_TNHN!D30&" (1 tiết)",'PL10'!$S$22)),1,0)+IF(ISNUMBER(SEARCH(MAP_TNHN!D30&" (1 tiết)",'PL10'!$S$23)),1,0)+IF(ISNUMBER(SEARCH(MAP_TNHN!D30&" (1 tiết)",'PL10'!$S$24)),1,0)+IF(ISNUMBER(SEARCH(MAP_TNHN!D30&" (1 tiết)",'PL10'!$S$25)),1,0))-(IF(ISNUMBER(SEARCH(MAP_TNHN!D30&" (2 tiết)",'PL10'!$S$5)),1,0)+IF(ISNUMBER(SEARCH(MAP_TNHN!D30&" (2 tiết)",'PL10'!$S$6)),1,0)+IF(ISNUMBER(SEARCH(MAP_TNHN!D30&" (2 tiết)",'PL10'!$S$7)),1,0)+IF(ISNUMBER(SEARCH(MAP_TNHN!D30&" (2 tiết)",'PL10'!$S$8)),1,0)+IF(ISNUMBER(SEARCH(MAP_TNHN!D30&" (2 tiết)",'PL10'!$S$9)),1,0)+IF(ISNUMBER(SEARCH(MAP_TNHN!D30&" (2 tiết)",'PL10'!$S$10)),1,0)+IF(ISNUMBER(SEARCH(MAP_TNHN!D30&" (2 tiết)",'PL10'!$S$11)),1,0)+IF(ISNUMBER(SEARCH(MAP_TNHN!D30&" (2 tiết)",'PL10'!$S$12)),1,0)+IF(ISNUMBER(SEARCH(MAP_TNHN!D30&" (2 tiết)",'PL10'!$S$13)),1,0)+IF(ISNUMBER(SEARCH(MAP_TNHN!D30&" (2 tiết)",'PL10'!$S$14)),1,0)+IF(ISNUMBER(SEARCH(MAP_TNHN!D30&" (2 tiết)",'PL10'!$S$15)),1,0)+IF(ISNUMBER(SEARCH(MAP_TNHN!D30&" (2 tiết)",'PL10'!$S$16)),1,0)+IF(ISNUMBER(SEARCH(MAP_TNHN!D30&" (2 tiết)",'PL10'!$S$17)),1,0)+IF(ISNUMBER(SEARCH(MAP_TNHN!D30&" (2 tiết)",'PL10'!$S$18)),1,0)+IF(ISNUMBER(SEARCH(MAP_TNHN!D30&" (2 tiết)",'PL10'!$S$19)),1,0)+IF(ISNUMBER(SEARCH(MAP_TNHN!D30&" (2 tiết)",'PL10'!$S$20)),1,0)+IF(ISNUMBER(SEARCH(MAP_TNHN!D30&" (2 tiết)",'PL10'!$S$21)),1,0)+IF(ISNUMBER(SEARCH(MAP_TNHN!D30&" (2 tiết)",'PL10'!$S$22)),1,0)+IF(ISNUMBER(SEARCH(MAP_TNHN!D30&" (2 tiết)",'PL10'!$S$23)),1,0)+IF(ISNUMBER(SEARCH(MAP_TNHN!D30&" (2 tiết)",'PL10'!$S$24)),1,0)+IF(ISNUMBER(SEARCH(MAP_TNHN!D30&" (2 tiết)",'PL10'!$S$25)),1,0)))) -> 1
C30: Số lớp | E30: =SUM(E27:E29) -> 15 | G30: =SUM(G27:G29) -> 0 | K30: =SUM(K27:K29) -> 14 | M30: =SUM(M27:M29) -> 0 | P30: =SUM(P27:P29) -> 21 | R30: =SUM(R27:R29) -> 0 | AD30: =AB30*AC30*1.5 -> 0 | AG30: =AE30*AF30*1.5 -> 0 | AK30: =AA30*33+AD30+AG30+AJ30 -> 0
A31: GD THỂ CHẤT | B31: 1 | C31: DIỆP KIM HẢI | E31: 1 | P31: 7 | U31: =E31*'Phân tiết'!$M$9+G31*('Phân tiết'!$M$21/3)+H31*'Phân tiết'!$L$26+AW31+J31*'Phân tiết'!$M$20+K31*'Phân tiết'!$I$9+M31*('Phân tiết'!$I$21/3)+AX31+O31*'Phân tiết'!$I$20+P31*'Phân tiết'!$E$9+R31*('Phân tiết'!$E$21/3)+AY31+T31*'Phân tiết'!$E$20 -> 16 | V31: =F31*4+L31*4+Q31*4 -> 0 | W31: TTCM | Y31: 3 | Z31: =SUM(U31:Y31) -> 19 | AA31: =Z31-17 -> 2 | AD31: =AB31*AC31*1.5 -> 0 | AG31: =AE31*AF31*1.5 -> 0 | AJ31: =AH31*AI31 -> 0 | AK31: =AA31*33+AD31+AG31+AJ31 -> 66 | AL31: 1 | AN31: 2 | AO31: 1 | AQ31: 1 | AR31: 1 | AS31: 2 | AT31: 2 | AW31: =IF(I31="",0,IF(MAP_TNHN!B32="",I31*3,I31*3-2*(IF(ISNUMBER(SEARCH(MAP_TNHN!B32&" (1 tiết)",'PL12'!$S$5)),1,0)+IF(ISNUMBER(SEARCH(MAP_TNHN!B32&" (1 tiết)",'PL12'!$S$6)),1,0)+IF(ISNUMBER(SEARCH(MAP_TNHN!B32&" (1 tiết)",'PL12'!$S$7)),1,0)+IF(ISNUMBER(SEARCH(MAP_TNHN!B32&" (1 tiết)",'PL12'!$S$8)),1,0)+IF(ISNUMBER(SEARCH(MAP_TNHN!B32&" (1 tiết)",'PL12'!$S$9)),1,0)+IF(ISNUMBER(SEARCH(MAP_TNHN!B32&" (1 tiết)",'PL12'!$S$10)),1,0)+IF(ISNUMBER(SEARCH(MAP_TNHN!B32&" (1 tiết)",'PL12'!$S$11)),1,0)+IF(ISNUMBER(SEARCH(MAP_TNHN!B32&" (1 tiết)",'PL12'!$S$12)),1,0)+IF(ISNUMBER(SEARCH(MAP_TNHN!B32&" (1 tiết)",'PL12'!$S$13)),1,0)+IF(ISNUMBER(SEARCH(MAP_TNHN!B32&" (1 tiết)",'PL12'!$S$14)),1,0)+IF(ISNUMBER(SEARCH(MAP_TNHN!B32&" (1 tiết)",'PL12'!$S$15)),1,0)+IF(ISNUMBER(SEARCH(MAP_TNHN!B32&" (1 tiết)",'PL12'!$S$16)),1,0)+IF(ISNUMBER(SEARCH(MAP_TNHN!B32&" (1 tiết)",'PL12'!$S$17)),1,0)+IF(ISNUMBER(SEARCH(MAP_TNHN!B32&" (1 tiết)",'PL12'!$S$18)),1,0)+IF(ISNUMBER(SEARCH(MAP_TNHN!B32&" (1 tiết)",'PL12'!$S$19)),1,0))-(IF(ISNUMBER(SEARCH(MAP_TNHN!B32&" (2 tiết)",'PL12'!$S$5)),1,0)+IF(ISNUMBER(SEARCH(MAP_TNHN!B32&" (2 tiết)",'PL12'!$S$6)),1,0)+IF(ISNUMBER(SEARCH(MAP_TNHN!B32&" (2 tiết)",'PL12'!$S$7)),1,0)+IF(ISNUMBER(SEARCH(MAP_TNHN!B32&" (2 tiết)",'PL12'!$S$8)),1,0)+IF(ISNUMBER(SEARCH(MAP_TNHN!B32&" (2 tiết)",'PL12'!$S$9)),1,0)+IF(ISNUMBER(SEARCH(MAP_TNHN!B32&" (2 tiết)",'PL12'!$S$10)),1,0)+IF(ISNUMBER(SEARCH(MAP_TNHN!B32&" (2 tiết)",'PL12'!$S$11)),1,0)+IF(ISNUMBER(SEARCH(MAP_TNHN!B32&" (2 tiết)",'PL12'!$S$12)),1,0)+IF(ISNUMBER(SEARCH(MAP_TNHN!B32&" (2 tiết)",'PL12'!$S$13)),1,0)+IF(ISNUMBER(SEARCH(MAP_TNHN!B32&" (2 tiết)",'PL12'!$S$14)),1,0)+IF(ISNUMBER(SEARCH(MAP_TNHN!B32&" (2 tiết)",'PL12'!$S$15)),1,0)+IF(ISNUMBER(SEARCH(MAP_TNHN!B32&" (2 tiết)",'PL12'!$S$16)),1,0)+IF(ISNUMBER(SEARCH(MAP_TNHN!B32&" (2 tiết)",'PL12'!$S$17)),1,0)+IF(ISNUMBER(SEARCH(MAP_TNHN!B32&" (2 tiết)",'PL12'!$S$18)),1,0)+IF(ISNUMBER(SEARCH(MAP_TNHN!B32&" (2 tiết)",'PL12'!$S$19)),1,0)))) -> 0 | AX31: =IF(N31="",0,IF(MAP_TNHN!C32="",N31*3,N31*3-2*(IF(ISNUMBER(SEARCH(MAP_TNHN!C32&" (1 tiết)",'PL11'!$S$5)),1,0)+IF(ISNUMBER(SEARCH(MAP_TNHN!C32&" (1 tiết)",'PL11'!$S$6)),1,0)+IF(ISNUMBER(SEARCH(MAP_TNHN!C32&" (1 tiết)",'PL11'!$S$7)),1,0)+IF(ISNUMBER(SEARCH(MAP_TNHN!C32&" (1 tiết)",'PL11'!$S$8)),1,0)+IF(ISNUMBER(SEARCH(MAP_TNHN!C32&" (1 tiết)",'PL11'!$S$9)),1,0)+IF(ISNUMBER(SEARCH(MAP_TNHN!C32&" (1 tiết)",'PL11'!$S$10)),1,0)+IF(ISNUMBER(SEARCH(MAP_TNHN!C32&" (1 tiết)",'PL11'!$S$11)),1,0)+IF(ISNUMBER(SEARCH(MAP_TNHN!C32&" (1 tiết)",'PL11'!$S$12)),1,0)+IF(ISNUMBER(SEARCH(MAP_TNHN!C32&" (1 tiết)",'PL11'!$S$13)),1,0)+IF(ISNUMBER(SEARCH(MAP_TNHN!C32&" (1 tiết)",'PL11'!$S$14)),1,0)+IF(ISNUMBER(SEARCH(MAP_TNHN!C32&" (1 tiết)",'PL11'!$S$15)),1,0)+IF(ISNUMBER(SEARCH(MAP_TNHN!C32&" (1 tiết)",'PL11'!$S$16)),1,0)+IF(ISNUMBER(SEARCH(MAP_TNHN!C32&" (1 tiết)",'PL11'!$S$17)),1,0)+IF(ISNUMBER(SEARCH(MAP_TNHN!C32&" (1 tiết)",'PL11'!$S$18)),1,0))-(IF(ISNUMBER(SEARCH(MAP_TNHN!C32&" (2 tiết)",'PL11'!$S$5)),1,0)+IF(ISNUMBER(SEARCH(MAP_TNHN!C32&" (2 tiết)",'PL11'!$S$6)),1,0)+IF(ISNUMBER(SEARCH(MAP_TNHN!C32&" (2 tiết)",'PL11'!$S$7)),1,0)+IF(ISNUMBER(SEARCH(MAP_TNHN!C32&" (2 tiết)",'PL11'!$S$8)),1,0)+IF(ISNUMBER(SEARCH(MAP_TNHN!C32&" (2 tiết)",'PL11'!$S$9)),1,0)+IF(ISNUMBER(SEARCH(MAP_TNHN!C32&" (2 tiết)",'PL11'!$S$10)),1,0)+IF(ISNUMBER(SEARCH(MAP_TNHN!C32&" (2 tiết)",'PL11'!$S$11)),1,0)+IF(ISNUMBER(SEARCH(MAP_TNHN!C32&" (2 tiết)",'PL11'!$S$12)),1,0)+IF(ISNUMBER(SEARCH(MAP_TNHN!C32&" (2 tiết)",'PL11'!$S$13)),1,0)+IF(ISNUMBER(SEARCH(MAP_TNHN!C32&" (2 tiết)",'PL11'!$S$14)),1,0)+IF(ISNUMBER(SEARCH(MAP_TNHN!C32&" (2 tiết)",'PL11'!$S$15)),1,0)+IF(ISNUMBER(SEARCH(MAP_TNHN!C32&" (2 tiết)",'PL11'!$S$16)),1,0)+IF(ISNUMBER(SEARCH(MAP_TNHN!C32&" (2 tiết)",'PL11'!$S$17)),1,0)+IF(ISNUMBER(SEARCH(MAP_TNHN!C32&" (2 tiết)",'PL11'!$S$18)),1,0)))) -> 0 | AY31: =IF(S31="",0,IF(MAP_TNHN!D32="",S31*3,S31*3-2*(IF(ISNUMBER(SEARCH(MAP_TNHN!D32&" (1 tiết)",'PL10'!$S$5)),1,0)+IF(ISNUMBER(SEARCH(MAP_TNHN!D32&" (1 tiết)",'PL10'!$S$6)),1,0)+IF(ISNUMBER(SEARCH(MAP_TNHN!D32&" (1 tiết)",'PL10'!$S$7)),1,0)+IF(ISNUMBER(SEARCH(MAP_TNHN!D32&" (1 tiết)",'PL10'!$S$8)),1,0)+IF(ISNUMBER(SEARCH(MAP_TNHN!D32&" (1 tiết)",'PL10'!$S$9)),1,0)+IF(ISNUMBER(SEARCH(MAP_TNHN!D32&" (1 tiết)",'PL10'!$S$10)),1,0)+IF(ISNUMBER(SEARCH(MAP_TNHN!D32&" (1 tiết)",'PL10'!$S$11)),1,0)+IF(ISNUMBER(SEARCH(MAP_TNHN!D32&" (1 tiết)",'PL10'!$S$12)),1,0)+IF(ISNUMBER(SEARCH(MAP_TNHN!D32&" (1 tiết)",'PL10'!$S$13)),1,0)+IF(ISNUMBER(SEARCH(MAP_TNHN!D32&" (1 tiết)",'PL10'!$S$14)),1,0)+IF(ISNUMBER(SEARCH(MAP_TNHN!D32&" (1 tiết)",'PL10'!$S$15)),1,0)+IF(ISNUMBER(SEARCH(MAP_TNHN!D32&" (1 tiết)",'PL10'!$S$16)),1,0)+IF(ISNUMBER(SEARCH(MAP_TNHN!D32&" (1 tiết)",'PL10'!$S$17)),1,0)+IF(ISNUMBER(SEARCH(MAP_TNHN!D32&" (1 tiết)",'PL10'!$S$18)),1,0)+IF(ISNUMBER(SEARCH(MAP_TNHN!D32&" (1 tiết)",'PL10'!$S$19)),1,0)+IF(ISNUMBER(SEARCH(MAP_TNHN!D32&" (1 tiết)",'PL10'!$S$20)),1,0)+IF(ISNUMBER(SEARCH(MAP_TNHN!D32&" (1 tiết)",'PL10'!$S$21)),1,0)+IF(ISNUMBER(SEARCH(MAP_TNHN!D32&" (1 tiết)",'PL10'!$S$22)),1,0)+IF(ISNUMBER(SEARCH(MAP_TNHN!D32&" (1 tiết)",'PL10'!$S$23)),1,0)+IF(ISNUMBER(SEARCH(MAP_TNHN!D32&" (1 tiết)",'PL10'!$S$24)),1,0)+IF(ISNUMBER(SEARCH(MAP_TNHN!D32&" (1 tiết)",'PL10'!$S$25)),1,0))-(IF(ISNUMBER(SEARCH(MAP_TNHN!D32&" (2 tiết)",'PL10'!$S$5)),1,0)+IF(ISNUMBER(SEARCH(MAP_TNHN!D32&" (2 tiết)",'PL10'!$S$6)),1,0)+IF(ISNUMBER(SEARCH(MAP_TNHN!D32&" (2 tiết)",'PL10'!$S$7)),1,0)+IF(ISNUMBER(SEARCH(MAP_TNHN!D32&" (2 tiết)",'PL10'!$S$8)),1,0)+IF(ISNUMBER(SEARCH(MAP_TNHN!D32&" (2 tiết)",'PL10'!$S$9)),1,0)+IF(ISNUMBER(SEARCH(MAP_TNHN!D32&" (2 tiết)",'PL10'!$S$10)),1,0)+IF(ISNUMBER(SEARCH(MAP_TNHN!D32&" (2 tiết)",'PL10'!$S$11)),1,0)+IF(ISNUMBER(SEARCH(MAP_TNHN!D32&" (2 tiết)",'PL10'!$S$12)),1,0)+IF(ISNUMBER(SEARCH(MAP_TNHN!D32&" (2 tiết)",'PL10'!$S$13)),1,0)+IF(ISNUMBER(SEARCH(MAP_TNHN!D32&" (2 tiết)",'PL10'!$S$14)),1,0)+IF(ISNUMBER(SEARCH(MAP_TNHN!D32&" (2 tiết)",'PL10'!$S$15)),1,0)+IF(ISNUMBER(SEARCH(MAP_TNHN!D32&" (2 tiết)",'PL10'!$S$16)),1,0)+IF(ISNUMBER(SEARCH(MAP_TNHN!D32&" (2 tiết)",'PL10'!$S$17)),1,0)+IF(ISNUMBER(SEARCH(MAP_TNHN!D32&" (2 tiết)",'PL10'!$S$18)),1,0)+IF(ISNUMBER(SEARCH(MAP_TNHN!D32&" (2 tiết)",'PL10'!$S$19)),1,0)+IF(ISNUMBER(SEARCH(MAP_TNHN!D32&" (2 tiết)",'PL10'!$S$20)),1,0)+IF(ISNUMBER(SEARCH(MAP_TNHN!D32&" (2 tiết)",'PL10'!$S$21)),1,0)+IF(ISNUMBER(SEARCH(MAP_TNHN!D32&" (2 tiết)",'PL10'!$S$22)),1,0)+IF(ISNUMBER(SEARCH(MAP_TNHN!D32&" (2 tiết)",'PL10'!$S$23)),1,0)+IF(ISNUMBER(SEARCH(MAP_TNHN!D32&" (2 tiết)",'PL10'!$S$24)),1,0)+IF(ISNUMBER(SEARCH(MAP_TNHN!D32&" (2 tiết)",'PL10'!$S$25)),1,0)))) -> 0
B32: 2 | C32: NGUYỄN HỮU HIỆP | E32: 3 | K32: 2 | P32: 3 | U32: =E32*'Phân tiết'!$M$9+G32*('Phân tiết'!$M$21/3)+H32*'Phân tiết'!$L$26+AW32+J32*'Phân tiết'!$M$20+K32*'Phân tiết'!$I$9+M32*('Phân tiết'!$I$21/3)+AX32+O32*'Phân tiết'!$I$20+P32*'Phân tiết'!$E$9+R32*('Phân tiết'!$E$21/3)+AY32+T32*'Phân tiết'!$E$20 -> 16 | V32: =F32*4+L32*4+Q32*4 -> 0 | Z32: =SUM(U32:Y32) -> 16 | AA32: =Z32-17 -> -1 | AD32: =AB32*AC32*1.5 -> 0 | AG32: =AE32*AF32*1.5 -> 0 | AJ32: =AH32*AI32 -> 0 | AK32: =AA32*33+AD32+AG32+AJ32 -> -33 | AL32: 1 | AN32: 2 | AO32: 1 | AQ32: 1 | AR32: 1 | AS32: 2 | AT32: 2 | AW32: =IF(I32="",0,IF(MAP_TNHN!B33="",I32*3,I32*3-2*(IF(ISNUMBER(SEARCH(MAP_TNHN!B33&" (1 tiết)",'PL12'!$S$5)),1,0)+IF(ISNUMBER(SEARCH(MAP_TNHN!B33&" (1 tiết)",'PL12'!$S$6)),1,0)+IF(ISNUMBER(SEARCH(MAP_TNHN!B33&" (1 tiết)",'PL12'!$S$7)),1,0)+IF(ISNUMBER(SEARCH(MAP_TNHN!B33&" (1 tiết)",'PL12'!$S$8)),1,0)+IF(ISNUMBER(SEARCH(MAP_TNHN!B33&" (1 tiết)",'PL12'!$S$9)),1,0)+IF(ISNUMBER(SEARCH(MAP_TNHN!B33&" (1 tiết)",'PL12'!$S$10)),1,0)+IF(ISNUMBER(SEARCH(MAP_TNHN!B33&" (1 tiết)",'PL12'!$S$11)),1,0)+IF(ISNUMBER(SEARCH(MAP_TNHN!B33&" (1 tiết)",'PL12'!$S$12)),1,0)+IF(ISNUMBER(SEARCH(MAP_TNHN!B33&" (1 tiết)",'PL12'!$S$13)),1,0)+IF(ISNUMBER(SEARCH(MAP_TNHN!B33&" (1 tiết)",'PL12'!$S$14)),1,0)+IF(ISNUMBER(SEARCH(MAP_TNHN!B33&" (1 tiết)",'PL12'!$S$15)),1,0)+IF(ISNUMBER(SEARCH(MAP_TNHN!B33&" (1 tiết)",'PL12'!$S$16)),1,0)+IF(ISNUMBER(SEARCH(MAP_TNHN!B33&" (1 tiết)",'PL12'!$S$17)),1,0)+IF(ISNUMBER(SEARCH(MAP_TNHN!B33&" (1 tiết)",'PL12'!$S$18)),1,0)+IF(ISNUMBER(SEARCH(MAP_TNHN!B33&" (1 tiết)",'PL12'!$S$19)),1,0))-(IF(ISNUMBER(SEARCH(MAP_TNHN!B33&" (2 tiết)",'PL12'!$S$5)),1,0)+IF(ISNUMBER(SEARCH(MAP_TNHN!B33&" (2 tiết)",'PL12'!$S$6)),1,0)+IF(ISNUMBER(SEARCH(MAP_TNHN!B33&" (2 tiết)",'PL12'!$S$7)),1,0)+IF(ISNUMBER(SEARCH(MAP_TNHN!B33&" (2 tiết)",'PL12'!$S$8)),1,0)+IF(ISNUMBER(SEARCH(MAP_TNHN!B33&" (2 tiết)",'PL12'!$S$9)),1,0)+IF(ISNUMBER(SEARCH(MAP_TNHN!B33&" (2 tiết)",'PL12'!$S$10)),1,0)+IF(ISNUMBER(SEARCH(MAP_TNHN!B33&" (2 tiết)",'PL12'!$S$11)),1,0)+IF(ISNUMBER(SEARCH(MAP_TNHN!B33&" (2 tiết)",'PL12'!$S$12)),1,0)+IF(ISNUMBER(SEARCH(MAP_TNHN!B33&" (2 tiết)",'PL12'!$S$13)),1,0)+IF(ISNUMBER(SEARCH(MAP_TNHN!B33&" (2 tiết)",'PL12'!$S$14)),1,0)+IF(ISNUMBER(SEARCH(MAP_TNHN!B33&" (2 tiết)",'PL12'!$S$15)),1,0)+IF(ISNUMBER(SEARCH(MAP_TNHN!B33&" (2 tiết)",'PL12'!$S$16)),1,0)+IF(ISNUMBER(SEARCH(MAP_TNHN!B33&" (2 tiết)",'PL12'!$S$17)),1,0)+IF(ISNUMBER(SEARCH(MAP_TNHN!B33&" (2 tiết)",'PL12'!$S$18)),1,0)+IF(ISNUMBER(SEARCH(MAP_TNHN!B33&" (2 tiết)",'PL12'!$S$19)),1,0)))) -> 0 | AX32: =IF(N32="",0,IF(MAP_TNHN!C33="",N32*3,N32*3-2*(IF(ISNUMBER(SEARCH(MAP_TNHN!C33&" (1 tiết)",'PL11'!$S$5)),1,0)+IF(ISNUMBER(SEARCH(MAP_TNHN!C33&" (1 tiết)",'PL11'!$S$6)),1,0)+IF(ISNUMBER(SEARCH(MAP_TNHN!C33&" (1 tiết)",'PL11'!$S$7)),1,0)+IF(ISNUMBER(SEARCH(MAP_TNHN!C33&" (1 tiết)",'PL11'!$S$8)),1,0)+IF(ISNUMBER(SEARCH(MAP_TNHN!C33&" (1 tiết)",'PL11'!$S$9)),1,0)+IF(ISNUMBER(SEARCH(MAP_TNHN!C33&" (1 tiết)",'PL11'!$S$10)),1,0)+IF(ISNUMBER(SEARCH(MAP_TNHN!C33&" (1 tiết)",'PL11'!$S$11)),1,0)+IF(ISNUMBER(SEARCH(MAP_TNHN!C33&" (1 tiết)",'PL11'!$S$12)),1,0)+IF(ISNUMBER(SEARCH(MAP_TNHN!C33&" (1 tiết)",'PL11'!$S$13)),1,0)+IF(ISNUMBER(SEARCH(MAP_TNHN!C33&" (1 tiết)",'PL11'!$S$14)),1,0)+IF(ISNUMBER(SEARCH(MAP_TNHN!C33&" (1 tiết)",'PL11'!$S$15)),1,0)+IF(ISNUMBER(SEARCH(MAP_TNHN!C33&" (1 tiết)",'PL11'!$S$16)),1,0)+IF(ISNUMBER(SEARCH(MAP_TNHN!C33&" (1 tiết)",'PL11'!$S$17)),1,0)+IF(ISNUMBER(SEARCH(MAP_TNHN!C33&" (1 tiết)",'PL11'!$S$18)),1,0))-(IF(ISNUMBER(SEARCH(MAP_TNHN!C33&" (2 tiết)",'PL11'!$S$5)),1,0)+IF(ISNUMBER(SEARCH(MAP_TNHN!C33&" (2 tiết)",'PL11'!$S$6)),1,0)+IF(ISNUMBER(SEARCH(MAP_TNHN!C33&" (2 tiết)",'PL11'!$S$7)),1,0)+IF(ISNUMBER(SEARCH(MAP_TNHN!C33&" (2 tiết)",'PL11'!$S$8)),1,0)+IF(ISNUMBER(SEARCH(MAP_TNHN!C33&" (2 tiết)",'PL11'!$S$9)),1,0)+IF(ISNUMBER(SEARCH(MAP_TNHN!C33&" (2 tiết)",'PL11'!$S$10)),1,0)+IF(ISNUMBER(SEARCH(MAP_TNHN!C33&" (2 tiết)",'PL11'!$S$11)),1,0)+IF(ISNUMBER(SEARCH(MAP_TNHN!C33&" (2 tiết)",'PL11'!$S$12)),1,0)+IF(ISNUMBER(SEARCH(MAP_TNHN!C33&" (2 tiết)",'PL11'!$S$13)),1,0)+IF(ISNUMBER(SEARCH(MAP_TNHN!C33&" (2 tiết)",'PL11'!$S$14)),1,0)+IF(ISNUMBER(SEARCH(MAP_TNHN!C33&" (2 tiết)",'PL11'!$S$15)),1,0)+IF(ISNUMBER(SEARCH(MAP_TNHN!C33&" (2 tiết)",'PL11'!$S$16)),1,0)+IF(ISNUMBER(SEARCH(MAP_TNHN!C33&" (2 tiết)",'PL11'!$S$17)),1,0)+IF(ISNUMBER(SEARCH(MAP_TNHN!C33&" (2 tiết)",'PL11'!$S$18)),1,0)))) -> 0 | AY32: =IF(S32="",0,IF(MAP_TNHN!D33="",S32*3,S32*3-2*(IF(ISNUMBER(SEARCH(MAP_TNHN!D33&" (1 tiết)",'PL10'!$S$5)),1,0)+IF(ISNUMBER(SEARCH(MAP_TNHN!D33&" (1 tiết)",'PL10'!$S$6)),1,0)+IF(ISNUMBER(SEARCH(MAP_TNHN!D33&" (1 tiết)",'PL10'!$S$7)),1,0)+IF(ISNUMBER(SEARCH(MAP_TNHN!D33&" (1 tiết)",'PL10'!$S$8)),1,0)+IF(ISNUMBER(SEARCH(MAP_TNHN!D33&" (1 tiết)",'PL10'!$S$9)),1,0)+IF(ISNUMBER(SEARCH(MAP_TNHN!D33&" (1 tiết)",'PL10'!$S$10)),1,0)+IF(ISNUMBER(SEARCH(MAP_TNHN!D33&" (1 tiết)",'PL10'!$S$11)),1,0)+IF(ISNUMBER(SEARCH(MAP_TNHN!D33&" (1 tiết)",'PL10'!$S$12)),1,0)+IF(ISNUMBER(SEARCH(MAP_TNHN!D33&" (1 tiết)",'PL10'!$S$13)),1,0)+IF(ISNUMBER(SEARCH(MAP_TNHN!D33&" (1 tiết)",'PL10'!$S$14)),1,0)+IF(ISNUMBER(SEARCH(MAP_TNHN!D33&" (1 tiết)",'PL10'!$S$15)),1,0)+IF(ISNUMBER(SEARCH(MAP_TNHN!D33&" (1 tiết)",'PL10'!$S$16)),1,0)+IF(ISNUMBER(SEARCH(MAP_TNHN!D33&" (1 tiết)",'PL10'!$S$17)),1,0)+IF(ISNUMBER(SEARCH(MAP_TNHN!D33&" (1 tiết)",'PL10'!$S$18)),1,0)+IF(ISNUMBER(SEARCH(MAP_TNHN!D33&" (1 tiết)",'PL10'!$S$19)),1,0)+IF(ISNUMBER(SEARCH(MAP_TNHN!D33&" (1 tiết)",'PL10'!$S$20)),1,0)+IF(ISNUMBER(SEARCH(MAP_TNHN!D33&" (1 tiết)",'PL10'!$S$21)),1,0)+IF(ISNUMBER(SEARCH(MAP_TNHN!D33&" (1 tiết)",'PL10'!$S$22)),1,0)+IF(ISNUMBER(SEARCH(MAP_TNHN!D33&" (1 tiết)",'PL10'!$S$23)),1,0)+IF(ISNUMBER(SEARCH(MAP_TNHN!D33&" (1 tiết)",'PL10'!$S$24)),1,0)+IF(ISNUMBER(SEARCH(MAP_TNHN!D33&" (1 tiết)",'PL10'!$S$25)),1,0))-(IF(ISNUMBER(SEARCH(MAP_TNHN!D33&" (2 tiết)",'PL10'!$S$5)),1,0)+IF(ISNUMBER(SEARCH(MAP_TNHN!D33&" (2 tiết)",'PL10'!$S$6)),1,0)+IF(ISNUMBER(SEARCH(MAP_TNHN!D33&" (2 tiết)",'PL10'!$S$7)),1,0)+IF(ISNUMBER(SEARCH(MAP_TNHN!D33&" (2 tiết)",'PL10'!$S$8)),1,0)+IF(ISNUMBER(SEARCH(MAP_TNHN!D33&" (2 tiết)",'PL10'!$S$9)),1,0)+IF(ISNUMBER(SEARCH(MAP_TNHN!D33&" (2 tiết)",'PL10'!$S$10)),1,0)+IF(ISNUMBER(SEARCH(MAP_TNHN!D33&" (2 tiết)",'PL10'!$S$11)),1,0)+IF(ISNUMBER(SEARCH(MAP_TNHN!D33&" (2 tiết)",'PL10'!$S$12)),1,0)+IF(ISNUMBER(SEARCH(MAP_TNHN!D33&" (2 tiết)",'PL10'!$S$13)),1,0)+IF(ISNUMBER(SEARCH(MAP_TNHN!D33&" (2 tiết)",'PL10'!$S$14)),1,0)+IF(ISNUMBER(SEARCH(MAP_TNHN!D33&" (2 tiết)",'PL10'!$S$15)),1,0)+IF(ISNUMBER(SEARCH(MAP_TNHN!D33&" (2 tiết)",'PL10'!$S$16)),1,0)+IF(ISNUMBER(SEARCH(MAP_TNHN!D33&" (2 tiết)",'PL10'!$S$17)),1,0)+IF(ISNUMBER(SEARCH(MAP_TNHN!D33&" (2 tiết)",'PL10'!$S$18)),1,0)+IF(ISNUMBER(SEARCH(MAP_TNHN!D33&" (2 tiết)",'PL10'!$S$19)),1,0)+IF(ISNUMBER(SEARCH(MAP_TNHN!D33&" (2 tiết)",'PL10'!$S$20)),1,0)+IF(ISNUMBER(SEARCH(MAP_TNHN!D33&" (2 tiết)",'PL10'!$S$21)),1,0)+IF(ISNUMBER(SEARCH(MAP_TNHN!D33&" (2 tiết)",'PL10'!$S$22)),1,0)+IF(ISNUMBER(SEARCH(MAP_TNHN!D33&" (2 tiết)",'PL10'!$S$23)),1,0)+IF(ISNUMBER(SEARCH(MAP_TNHN!D33&" (2 tiết)",'PL10'!$S$24)),1,0)+IF(ISNUMBER(SEARCH(MAP_TNHN!D33&" (2 tiết)",'PL10'!$S$25)),1,0)))) -> 0
B33: 3 | C33: TRƯƠNG VĂN THƠ | E33: 3 | K33: 3 | P33: 3 | U33: =E33*'Phân tiết'!$M$9+G33*('Phân tiết'!$M$21/3)+H33*'Phân tiết'!$L$26+AW33+J33*'Phân tiết'!$M$20+K33*'Phân tiết'!$I$9+M33*('Phân tiết'!$I$21/3)+AX33+O33*'Phân tiết'!$I$20+P33*'Phân tiết'!$E$9+R33*('Phân tiết'!$E$21/3)+AY33+T33*'Phân tiết'!$E$20 -> 18 | V33: =F33*4+L33*4+Q33*4 -> 0 | X33: UV BCH | Y33: 1 | Z33: =SUM(U33:Y33) -> 19 | AA33: =Z33-17 -> 2 | AD33: =AB33*AC33*1.5 -> 0 | AG33: =AE33*AF33*1.5 -> 0 | AJ33: =AH33*AI33 -> 0 | AK33: =AA33*33+AD33+AG33+AJ33 -> 66 | AL33: 1 | AN33: 2 | AO33: 1 | AP33: 1 | AQ33: 1 | AR33: 1 | AS33: 2 | AT33: 2 | AW33: =IF(I33="",0,IF(MAP_TNHN!B34="",I33*3,I33*3-2*(IF(ISNUMBER(SEARCH(MAP_TNHN!B34&" (1 tiết)",'PL12'!$S$5)),1,0)+IF(ISNUMBER(SEARCH(MAP_TNHN!B34&" (1 tiết)",'PL12'!$S$6)),1,0)+IF(ISNUMBER(SEARCH(MAP_TNHN!B34&" (1 tiết)",'PL12'!$S$7)),1,0)+IF(ISNUMBER(SEARCH(MAP_TNHN!B34&" (1 tiết)",'PL12'!$S$8)),1,0)+IF(ISNUMBER(SEARCH(MAP_TNHN!B34&" (1 tiết)",'PL12'!$S$9)),1,0)+IF(ISNUMBER(SEARCH(MAP_TNHN!B34&" (1 tiết)",'PL12'!$S$10)),1,0)+IF(ISNUMBER(SEARCH(MAP_TNHN!B34&" (1 tiết)",'PL12'!$S$11)),1,0)+IF(ISNUMBER(SEARCH(MAP_TNHN!B34&" (1 tiết)",'PL12'!$S$12)),1,0)+IF(ISNUMBER(SEARCH(MAP_TNHN!B34&" (1 tiết)",'PL12'!$S$13)),1,0)+IF(ISNUMBER(SEARCH(MAP_TNHN!B34&" (1 tiết)",'PL12'!$S$14)),1,0)+IF(ISNUMBER(SEARCH(MAP_TNHN!B34&" (1 tiết)",'PL12'!$S$15)),1,0)+IF(ISNUMBER(SEARCH(MAP_TNHN!B34&" (1 tiết)",'PL12'!$S$16)),1,0)+IF(ISNUMBER(SEARCH(MAP_TNHN!B34&" (1 tiết)",'PL12'!$S$17)),1,0)+IF(ISNUMBER(SEARCH(MAP_TNHN!B34&" (1 tiết)",'PL12'!$S$18)),1,0)+IF(ISNUMBER(SEARCH(MAP_TNHN!B34&" (1 tiết)",'PL12'!$S$19)),1,0))-(IF(ISNUMBER(SEARCH(MAP_TNHN!B34&" (2 tiết)",'PL12'!$S$5)),1,0)+IF(ISNUMBER(SEARCH(MAP_TNHN!B34&" (2 tiết)",'PL12'!$S$6)),1,0)+IF(ISNUMBER(SEARCH(MAP_TNHN!B34&" (2 tiết)",'PL12'!$S$7)),1,0)+IF(ISNUMBER(SEARCH(MAP_TNHN!B34&" (2 tiết)",'PL12'!$S$8)),1,0)+IF(ISNUMBER(SEARCH(MAP_TNHN!B34&" (2 tiết)",'PL12'!$S$9)),1,0)+IF(ISNUMBER(SEARCH(MAP_TNHN!B34&" (2 tiết)",'PL12'!$S$10)),1,0)+IF(ISNUMBER(SEARCH(MAP_TNHN!B34&" (2 tiết)",'PL12'!$S$11)),1,0)+IF(ISNUMBER(SEARCH(MAP_TNHN!B34&" (2 tiết)",'PL12'!$S$12)),1,0)+IF(ISNUMBER(SEARCH(MAP_TNHN!B34&" (2 tiết)",'PL12'!$S$13)),1,0)+IF(ISNUMBER(SEARCH(MAP_TNHN!B34&" (2 tiết)",'PL12'!$S$14)),1,0)+IF(ISNUMBER(SEARCH(MAP_TNHN!B34&" (2 tiết)",'PL12'!$S$15)),1,0)+IF(ISNUMBER(SEARCH(MAP_TNHN!B34&" (2 tiết)",'PL12'!$S$16)),1,0)+IF(ISNUMBER(SEARCH(MAP_TNHN!B34&" (2 tiết)",'PL12'!$S$17)),1,0)+IF(ISNUMBER(SEARCH(MAP_TNHN!B34&" (2 tiết)",'PL12'!$S$18)),1,0)+IF(ISNUMBER(SEARCH(MAP_TNHN!B34&" (2 tiết)",'PL12'!$S$19)),1,0)))) -> 0 | AX33: =IF(N33="",0,IF(MAP_TNHN!C34="",N33*3,N33*3-2*(IF(ISNUMBER(SEARCH(MAP_TNHN!C34&" (1 tiết)",'PL11'!$S$5)),1,0)+IF(ISNUMBER(SEARCH(MAP_TNHN!C34&" (1 tiết)",'PL11'!$S$6)),1,0)+IF(ISNUMBER(SEARCH(MAP_TNHN!C34&" (1 tiết)",'PL11'!$S$7)),1,0)+IF(ISNUMBER(SEARCH(MAP_TNHN!C34&" (1 tiết)",'PL11'!$S$8)),1,0)+IF(ISNUMBER(SEARCH(MAP_TNHN!C34&" (1 tiết)",'PL11'!$S$9)),1,0)+IF(ISNUMBER(SEARCH(MAP_TNHN!C34&" (1 tiết)",'PL11'!$S$10)),1,0)+IF(ISNUMBER(SEARCH(MAP_TNHN!C34&" (1 tiết)",'PL11'!$S$11)),1,0)+IF(ISNUMBER(SEARCH(MAP_TNHN!C34&" (1 tiết)",'PL11'!$S$12)),1,0)+IF(ISNUMBER(SEARCH(MAP_TNHN!C34&" (1 tiết)",'PL11'!$S$13)),1,0)+IF(ISNUMBER(SEARCH(MAP_TNHN!C34&" (1 tiết)",'PL11'!$S$14)),1,0)+IF(ISNUMBER(SEARCH(MAP_TNHN!C34&" (1 tiết)",'PL11'!$S$15)),1,0)+IF(ISNUMBER(SEARCH(MAP_TNHN!C34&" (1 tiết)",'PL11'!$S$16)),1,0)+IF(ISNUMBER(SEARCH(MAP_TNHN!C34&" (1 tiết)",'PL11'!$S$17)),1,0)+IF(ISNUMBER(SEARCH(MAP_TNHN!C34&" (1 tiết)",'PL11'!$S$18)),1,0))-(IF(ISNUMBER(SEARCH(MAP_TNHN!C34&" (2 tiết)",'PL11'!$S$5)),1,0)+IF(ISNUMBER(SEARCH(MAP_TNHN!C34&" (2 tiết)",'PL11'!$S$6)),1,0)+IF(ISNUMBER(SEARCH(MAP_TNHN!C34&" (2 tiết)",'PL11'!$S$7)),1,0)+IF(ISNUMBER(SEARCH(MAP_TNHN!C34&" (2 tiết)",'PL11'!$S$8)),1,0)+IF(ISNUMBER(SEARCH(MAP_TNHN!C34&" (2 tiết)",'PL11'!$S$9)),1,0)+IF(ISNUMBER(SEARCH(MAP_TNHN!C34&" (2 tiết)",'PL11'!$S$10)),1,0)+IF(ISNUMBER(SEARCH(MAP_TNHN!C34&" (2 tiết)",'PL11'!$S$11)),1,0)+IF(ISNUMBER(SEARCH(MAP_TNHN!C34&" (2 tiết)",'PL11'!$S$12)),1,0)+IF(ISNUMBER(SEARCH(MAP_TNHN!C34&" (2 tiết)",'PL11'!$S$13)),1,0)+IF(ISNUMBER(SEARCH(MAP_TNHN!C34&" (2 tiết)",'PL11'!$S$14)),1,0)+IF(ISNUMBER(SEARCH(MAP_TNHN!C34&" (2 tiết)",'PL11'!$S$15)),1,0)+IF(ISNUMBER(SEARCH(MAP_TNHN!C34&" (2 tiết)",'PL11'!$S$16)),1,0)+IF(ISNUMBER(SEARCH(MAP_TNHN!C34&" (2 tiết)",'PL11'!$S$17)),1,0)+IF(ISNUMBER(SEARCH(MAP_TNHN!C34&" (2 tiết)",'PL11'!$S$18)),1,0)))) -> 0 | AY33: =IF(S33="",0,IF(MAP_TNHN!D34="",S33*3,S33*3-2*(IF(ISNUMBER(SEARCH(MAP_TNHN!D34&" (1 tiết)",'PL10'!$S$5)),1,0)+IF(ISNUMBER(SEARCH(MAP_TNHN!D34&" (1 tiết)",'PL10'!$S$6)),1,0)+IF(ISNUMBER(SEARCH(MAP_TNHN!D34&" (1 tiết)",'PL10'!$S$7)),1,0)+IF(ISNUMBER(SEARCH(MAP_TNHN!D34&" (1 tiết)",'PL10'!$S$8)),1,0)+IF(ISNUMBER(SEARCH(MAP_TNHN!D34&" (1 tiết)",'PL10'!$S$9)),1,0)+IF(ISNUMBER(SEARCH(MAP_TNHN!D34&" (1 tiết)",'PL10'!$S$10)),1,0)+IF(ISNUMBER(SEARCH(MAP_TNHN!D34&" (1 tiết)",'PL10'!$S$11)),1,0)+IF(ISNUMBER(SEARCH(MAP_TNHN!D34&" (1 tiết)",'PL10'!$S$12)),1,0)+IF(ISNUMBER(SEARCH(MAP_TNHN!D34&" (1 tiết)",'PL10'!$S$13)),1,0)+IF(ISNUMBER(SEARCH(MAP_TNHN!D34&" (1 tiết)",'PL10'!$S$14)),1,0)+IF(ISNUMBER(SEARCH(MAP_TNHN!D34&" (1 tiết)",'PL10'!$S$15)),1,0)+IF(ISNUMBER(SEARCH(MAP_TNHN!D34&" (1 tiết)",'PL10'!$S$16)),1,0)+IF(ISNUMBER(SEARCH(MAP_TNHN!D34&" (1 tiết)",'PL10'!$S$17)),1,0)+IF(ISNUMBER(SEARCH(MAP_TNHN!D34&" (1 tiết)",'PL10'!$S$18)),1,0)+IF(ISNUMBER(SEARCH(MAP_TNHN!D34&" (1 tiết)",'PL10'!$S$19)),1,0)+IF(ISNUMBER(SEARCH(MAP_TNHN!D34&" (1 tiết)",'PL10'!$S$20)),1,0)+IF(ISNUMBER(SEARCH(MAP_TNHN!D34&" (1 tiết)",'PL10'!$S$21)),1,0)+IF(ISNUMBER(SEARCH(MAP_TNHN!D34&" (1 tiết)",'PL10'!$S$22)),1,0)+IF(ISNUMBER(SEARCH(MAP_TNHN!D34&" (1 tiết)",'PL10'!$S$23)),1,0)+IF(ISNUMBER(SEARCH(MAP_TNHN!D34&" (1 tiết)",'PL10'!$S$24)),1,0)+IF(ISNUMBER(SEARCH(MAP_TNHN!D34&" (1 tiết)",'PL10'!$S$25)),1,0))-(IF(ISNUMBER(SEARCH(MAP_TNHN!D34&" (2 tiết)",'PL10'!$S$5)),1,0)+IF(ISNUMBER(SEARCH(MAP_TNHN!D34&" (2 tiết)",'PL10'!$S$6)),1,0)+IF(ISNUMBER(SEARCH(MAP_TNHN!D34&" (2 tiết)",'PL10'!$S$7)),1,0)+IF(ISNUMBER(SEARCH(MAP_TNHN!D34&" (2 tiết)",'PL10'!$S$8)),1,0)+IF(ISNUMBER(SEARCH(MAP_TNHN!D34&" (2 tiết)",'PL10'!$S$9)),1,0)+IF(ISNUMBER(SEARCH(MAP_TNHN!D34&" (2 tiết)",'PL10'!$S$10)),1,0)+IF(ISNUMBER(SEARCH(MAP_TNHN!D34&" (2 tiết)",'PL10'!$S$11)),1,0)+IF(ISNUMBER(SEARCH(MAP_TNHN!D34&" (2 tiết)",'PL10'!$S$12)),1,0)+IF(ISNUMBER(SEARCH(MAP_TNHN!D34&" (2 tiết)",'PL10'!$S$13)),1,0)+IF(ISNUMBER(SEARCH(MAP_TNHN!D34&" (2 tiết)",'PL10'!$S$14)),1,0)+IF(ISNUMBER(SEARCH(MAP_TNHN!D34&" (2 tiết)",'PL10'!$S$15)),1,0)+IF(ISNUMBER(SEARCH(MAP_TNHN!D34&" (2 tiết)",'PL10'!$S$16)),1,0)+IF(ISNUMBER(SEARCH(MAP_TNHN!D34&" (2 tiết)",'PL10'!$S$17)),1,0)+IF(ISNUMBER(SEARCH(MAP_TNHN!D34&" (2 tiết)",'PL10'!$S$18)),1,0)+IF(ISNUMBER(SEARCH(MAP_TNHN!D34&" (2 tiết)",'PL10'!$S$19)),1,0)+IF(ISNUMBER(SEARCH(MAP_TNHN!D34&" (2 tiết)",'PL10'!$S$20)),1,0)+IF(ISNUMBER(SEARCH(MAP_TNHN!D34&" (2 tiết)",'PL10'!$S$21)),1,0)+IF(ISNUMBER(SEARCH(MAP_TNHN!D34&" (2 tiết)",'PL10'!$S$22)),1,0)+IF(ISNUMBER(SEARCH(MAP_TNHN!D34&" (2 tiết)",'PL10'!$S$23)),1,0)+IF(ISNUMBER(SEARCH(MAP_TNHN!D34&" (2 tiết)",'PL10'!$S$24)),1,0)+IF(ISNUMBER(SEARCH(MAP_TNHN!D34&" (2 tiết)",'PL10'!$S$25)),1,0)))) -> 0
B34: 4 | C34: BÙI VĂN CƯỜNG | E34: 4 | K34: 2 | P34: 2 | U34: =E34*'Phân tiết'!$M$9+G34*('Phân tiết'!$M$21/3)+H34*'Phân tiết'!$L$26+AW34+J34*'Phân tiết'!$M$20+K34*'Phân tiết'!$I$9+M34*('Phân tiết'!$I$21/3)+AX34+O34*'Phân tiết'!$I$20+P34*'Phân tiết'!$E$9+R34*('Phân tiết'!$E$21/3)+AY34+T34*'Phân tiết'!$E$20 -> 16 | V34: =F34*4+L34*4+Q34*4 -> 0 | X34: TTCĐ | Y34: 1 | Z34: =SUM(U34:Y34) -> 17 | AA34: =Z34-17 -> 0 | AD34: =AB34*AC34*1.5 -> 0 | AG34: =AE34*AF34*1.5 -> 0 | AJ34: =AH34*AI34 -> 0 | AK34: =AA34*33+AD34+AG34+AJ34 -> 0 | AL34: 1 | AN34: 2 | AO34: 1 | AP34: 1 | AQ34: 1 | AR34: 1 | AS34: 2 | AT34: 2 | AW34: =IF(I34="",0,IF(MAP_TNHN!B35="",I34*3,I34*3-2*(IF(ISNUMBER(SEARCH(MAP_TNHN!B35&" (1 tiết)",'PL12'!$S$5)),1,0)+IF(ISNUMBER(SEARCH(MAP_TNHN!B35&" (1 tiết)",'PL12'!$S$6)),1,0)+IF(ISNUMBER(SEARCH(MAP_TNHN!B35&" (1 tiết)",'PL12'!$S$7)),1,0)+IF(ISNUMBER(SEARCH(MAP_TNHN!B35&" (1 tiết)",'PL12'!$S$8)),1,0)+IF(ISNUMBER(SEARCH(MAP_TNHN!B35&" (1 tiết)",'PL12'!$S$9)),1,0)+IF(ISNUMBER(SEARCH(MAP_TNHN!B35&" (1 tiết)",'PL12'!$S$10)),1,0)+IF(ISNUMBER(SEARCH(MAP_TNHN!B35&" (1 tiết)",'PL12'!$S$11)),1,0)+IF(ISNUMBER(SEARCH(MAP_TNHN!B35&" (1 tiết)",'PL12'!$S$12)),1,0)+IF(ISNUMBER(SEARCH(MAP_TNHN!B35&" (1 tiết)",'PL12'!$S$13)),1,0)+IF(ISNUMBER(SEARCH(MAP_TNHN!B35&" (1 tiết)",'PL12'!$S$14)),1,0)+IF(ISNUMBER(SEARCH(MAP_TNHN!B35&" (1 tiết)",'PL12'!$S$15)),1,0)+IF(ISNUMBER(SEARCH(MAP_TNHN!B35&" (1 tiết)",'PL12'!$S$16)),1,0)+IF(ISNUMBER(SEARCH(MAP_TNHN!B35&" (1 tiết)",'PL12'!$S$17)),1,0)+IF(ISNUMBER(SEARCH(MAP_TNHN!B35&" (1 tiết)",'PL12'!$S$18)),1,0)+IF(ISNUMBER(SEARCH(MAP_TNHN!B35&" (1 tiết)",'PL12'!$S$19)),1,0))-(IF(ISNUMBER(SEARCH(MAP_TNHN!B35&" (2 tiết)",'PL12'!$S$5)),1,0)+IF(ISNUMBER(SEARCH(MAP_TNHN!B35&" (2 tiết)",'PL12'!$S$6)),1,0)+IF(ISNUMBER(SEARCH(MAP_TNHN!B35&" (2 tiết)",'PL12'!$S$7)),1,0)+IF(ISNUMBER(SEARCH(MAP_TNHN!B35&" (2 tiết)",'PL12'!$S$8)),1,0)+IF(ISNUMBER(SEARCH(MAP_TNHN!B35&" (2 tiết)",'PL12'!$S$9)),1,0)+IF(ISNUMBER(SEARCH(MAP_TNHN!B35&" (2 tiết)",'PL12'!$S$10)),1,0)+IF(ISNUMBER(SEARCH(MAP_TNHN!B35&" (2 tiết)",'PL12'!$S$11)),1,0)+IF(ISNUMBER(SEARCH(MAP_TNHN!B35&" (2 tiết)",'PL12'!$S$12)),1,0)+IF(ISNUMBER(SEARCH(MAP_TNHN!B35&" (2 tiết)",'PL12'!$S$13)),1,0)+IF(ISNUMBER(SEARCH(MAP_TNHN!B35&" (2 tiết)",'PL12'!$S$14)),1,0)+IF(ISNUMBER(SEARCH(MAP_TNHN!B35&" (2 tiết)",'PL12'!$S$15)),1,0)+IF(ISNUMBER(SEARCH(MAP_TNHN!B35&" (2 tiết)",'PL12'!$S$16)),1,0)+IF(ISNUMBER(SEARCH(MAP_TNHN!B35&" (2 tiết)",'PL12'!$S$17)),1,0)+IF(ISNUMBER(SEARCH(MAP_TNHN!B35&" (2 tiết)",'PL12'!$S$18)),1,0)+IF(ISNUMBER(SEARCH(MAP_TNHN!B35&" (2 tiết)",'PL12'!$S$19)),1,0)))) -> 0 | AX34: =IF(N34="",0,IF(MAP_TNHN!C35="",N34*3,N34*3-2*(IF(ISNUMBER(SEARCH(MAP_TNHN!C35&" (1 tiết)",'PL11'!$S$5)),1,0)+IF(ISNUMBER(SEARCH(MAP_TNHN!C35&" (1 tiết)",'PL11'!$S$6)),1,0)+IF(ISNUMBER(SEARCH(MAP_TNHN!C35&" (1 tiết)",'PL11'!$S$7)),1,0)+IF(ISNUMBER(SEARCH(MAP_TNHN!C35&" (1 tiết)",'PL11'!$S$8)),1,0)+IF(ISNUMBER(SEARCH(MAP_TNHN!C35&" (1 tiết)",'PL11'!$S$9)),1,0)+IF(ISNUMBER(SEARCH(MAP_TNHN!C35&" (1 tiết)",'PL11'!$S$10)),1,0)+IF(ISNUMBER(SEARCH(MAP_TNHN!C35&" (1 tiết)",'PL11'!$S$11)),1,0)+IF(ISNUMBER(SEARCH(MAP_TNHN!C35&" (1 tiết)",'PL11'!$S$12)),1,0)+IF(ISNUMBER(SEARCH(MAP_TNHN!C35&" (1 tiết)",'PL11'!$S$13)),1,0)+IF(ISNUMBER(SEARCH(MAP_TNHN!C35&" (1 tiết)",'PL11'!$S$14)),1,0)+IF(ISNUMBER(SEARCH(MAP_TNHN!C35&" (1 tiết)",'PL11'!$S$15)),1,0)+IF(ISNUMBER(SEARCH(MAP_TNHN!C35&" (1 tiết)",'PL11'!$S$16)),1,0)+IF(ISNUMBER(SEARCH(MAP_TNHN!C35&" (1 tiết)",'PL11'!$S$17)),1,0)+IF(ISNUMBER(SEARCH(MAP_TNHN!C35&" (1 tiết)",'PL11'!$S$18)),1,0))-(IF(ISNUMBER(SEARCH(MAP_TNHN!C35&" (2 tiết)",'PL11'!$S$5)),1,0)+IF(ISNUMBER(SEARCH(MAP_TNHN!C35&" (2 tiết)",'PL11'!$S$6)),1,0)+IF(ISNUMBER(SEARCH(MAP_TNHN!C35&" (2 tiết)",'PL11'!$S$7)),1,0)+IF(ISNUMBER(SEARCH(MAP_TNHN!C35&" (2 tiết)",'PL11'!$S$8)),1,0)+IF(ISNUMBER(SEARCH(MAP_TNHN!C35&" (2 tiết)",'PL11'!$S$9)),1,0)+IF(ISNUMBER(SEARCH(MAP_TNHN!C35&" (2 tiết)",'PL11'!$S$10)),1,0)+IF(ISNUMBER(SEARCH(MAP_TNHN!C35&" (2 tiết)",'PL11'!$S$11)),1,0)+IF(ISNUMBER(SEARCH(MAP_TNHN!C35&" (2 tiết)",'PL11'!$S$12)),1,0)+IF(ISNUMBER(SEARCH(MAP_TNHN!C35&" (2 tiết)",'PL11'!$S$13)),1,0)+IF(ISNUMBER(SEARCH(MAP_TNHN!C35&" (2 tiết)",'PL11'!$S$14)),1,0)+IF(ISNUMBER(SEARCH(MAP_TNHN!C35&" (2 tiết)",'PL11'!$S$15)),1,0)+IF(ISNUMBER(SEARCH(MAP_TNHN!C35&" (2 tiết)",'PL11'!$S$16)),1,0)+IF(ISNUMBER(SEARCH(MAP_TNHN!C35&" (2 tiết)",'PL11'!$S$17)),1,0)+IF(ISNUMBER(SEARCH(MAP_TNHN!C35&" (2 tiết)",'PL11'!$S$18)),1,0)))) -> 0 | AY34: =IF(S34="",0,IF(MAP_TNHN!D35="",S34*3,S34*3-2*(IF(ISNUMBER(SEARCH(MAP_TNHN!D35&" (1 tiết)",'PL10'!$S$5)),1,0)+IF(ISNUMBER(SEARCH(MAP_TNHN!D35&" (1 tiết)",'PL10'!$S$6)),1,0)+IF(ISNUMBER(SEARCH(MAP_TNHN!D35&" (1 tiết)",'PL10'!$S$7)),1,0)+IF(ISNUMBER(SEARCH(MAP_TNHN!D35&" (1 tiết)",'PL10'!$S$8)),1,0)+IF(ISNUMBER(SEARCH(MAP_TNHN!D35&" (1 tiết)",'PL10'!$S$9)),1,0)+IF(ISNUMBER(SEARCH(MAP_TNHN!D35&" (1 tiết)",'PL10'!$S$10)),1,0)+IF(ISNUMBER(SEARCH(MAP_TNHN!D35&" (1 tiết)",'PL10'!$S$11)),1,0)+IF(ISNUMBER(SEARCH(MAP_TNHN!D35&" (1 tiết)",'PL10'!$S$12)),1,0)+IF(ISNUMBER(SEARCH(MAP_TNHN!D35&" (1 tiết)",'PL10'!$S$13)),1,0)+IF(ISNUMBER(SEARCH(MAP_TNHN!D35&" (1 tiết)",'PL10'!$S$14)),1,0)+IF(ISNUMBER(SEARCH(MAP_TNHN!D35&" (1 tiết)",'PL10'!$S$15)),1,0)+IF(ISNUMBER(SEARCH(MAP_TNHN!D35&" (1 tiết)",'PL10'!$S$16)),1,0)+IF(ISNUMBER(SEARCH(MAP_TNHN!D35&" (1 tiết)",'PL10'!$S$17)),1,0)+IF(ISNUMBER(SEARCH(MAP_TNHN!D35&" (1 tiết)",'PL10'!$S$18)),1,0)+IF(ISNUMBER(SEARCH(MAP_TNHN!D35&" (1 tiết)",'PL10'!$S$19)),1,0)+IF(ISNUMBER(SEARCH(MAP_TNHN!D35&" (1 tiết)",'PL10'!$S$20)),1,0)+IF(ISNUMBER(SEARCH(MAP_TNHN!D35&" (1 tiết)",'PL10'!$S$21)),1,0)+IF(ISNUMBER(SEARCH(MAP_TNHN!D35&" (1 tiết)",'PL10'!$S$22)),1,0)+IF(ISNUMBER(SEARCH(MAP_TNHN!D35&" (1 tiết)",'PL10'!$S$23)),1,0)+IF(ISNUMBER(SEARCH(MAP_TNHN!D35&" (1 tiết)",'PL10'!$S$24)),1,0)+IF(ISNUMBER(SEARCH(MAP_TNHN!D35&" (1 tiết)",'PL10'!$S$25)),1,0))-(IF(ISNUMBER(SEARCH(MAP_TNHN!D35&" (2 tiết)",'PL10'!$S$5)),1,0)+IF(ISNUMBER(SEARCH(MAP_TNHN!D35&" (2 tiết)",'PL10'!$S$6)),1,0)+IF(ISNUMBER(SEARCH(MAP_TNHN!D35&" (2 tiết)",'PL10'!$S$7)),1,0)+IF(ISNUMBER(SEARCH(MAP_TNHN!D35&" (2 tiết)",'PL10'!$S$8)),1,0)+IF(ISNUMBER(SEARCH(MAP_TNHN!D35&" (2 tiết)",'PL10'!$S$9)),1,0)+IF(ISNUMBER(SEARCH(MAP_TNHN!D35&" (2 tiết)",'PL10'!$S$10)),1,0)+IF(ISNUMBER(SEARCH(MAP_TNHN!D35&" (2 tiết)",'PL10'!$S$11)),1,0)+IF(ISNUMBER(SEARCH(MAP_TNHN!D35&" (2 tiết)",'PL10'!$S$12)),1,0)+IF(ISNUMBER(SEARCH(MAP_TNHN!D35&" (2 tiết)",'PL10'!$S$13)),1,0)+IF(ISNUMBER(SEARCH(MAP_TNHN!D35&" (2 tiết)",'PL10'!$S$14)),1,0)+IF(ISNUMBER(SEARCH(MAP_TNHN!D35&" (2 tiết)",'PL10'!$S$15)),1,0)+IF(ISNUMBER(SEARCH(MAP_TNHN!D35&" (2 tiết)",'PL10'!$S$16)),1,0)+IF(ISNUMBER(SEARCH(MAP_TNHN!D35&" (2 tiết)",'PL10'!$S$17)),1,0)+IF(ISNUMBER(SEARCH(MAP_TNHN!D35&" (2 tiết)",'PL10'!$S$18)),1,0)+IF(ISNUMBER(SEARCH(MAP_TNHN!D35&" (2 tiết)",'PL10'!$S$19)),1,0)+IF(ISNUMBER(SEARCH(MAP_TNHN!D35&" (2 tiết)",'PL10'!$S$20)),1,0)+IF(ISNUMBER(SEARCH(MAP_TNHN!D35&" (2 tiết)",'PL10'!$S$21)),1,0)+IF(ISNUMBER(SEARCH(MAP_TNHN!D35&" (2 tiết)",'PL10'!$S$22)),1,0)+IF(ISNUMBER(SEARCH(MAP_TNHN!D35&" (2 tiết)",'PL10'!$S$23)),1,0)+IF(ISNUMBER(SEARCH(MAP_TNHN!D35&" (2 tiết)",'PL10'!$S$24)),1,0)+IF(ISNUMBER(SEARCH(MAP_TNHN!D35&" (2 tiết)",'PL10'!$S$25)),1,0)))) -> 0
B35: 5 | C35: ĐỖ BÁ KHANG | E35: 5 | K35: 4 | U35: =E35*'Phân tiết'!$M$9+G35*('Phân tiết'!$M$21/3)+H35*'Phân tiết'!$L$26+AW35+J35*'Phân tiết'!$M$20+K35*'Phân tiết'!$I$9+M35*('Phân tiết'!$I$21/3)+AX35+O35*'Phân tiết'!$I$20+P35*'Phân tiết'!$E$9+R35*('Phân tiết'!$E$21/3)+AY35+T35*'Phân tiết'!$E$20 -> 18 | V35: =F35*4+L35*4+Q35*4 -> 0 | Z35: =SUM(U35:Y35) -> 18 | AA35: =Z35-17 -> 1 | AD35: =AB35*AC35*1.5 -> 0 | AG35: =AE35*AF35*1.5 -> 0 | AJ35: =AH35*AI35 -> 0 | AK35: =AA35*33+AD35+AG35+AJ35 -> 33 | AL35: 1 | AN35: 2 | AP35: 1 | AQ35: 1 | AR35: 1 | AS35: 2 | AT35: 2 | AW35: =IF(I35="",0,IF(MAP_TNHN!B36="",I35*3,I35*3-2*(IF(ISNUMBER(SEARCH(MAP_TNHN!B36&" (1 tiết)",'PL12'!$S$5)),1,0)+IF(ISNUMBER(SEARCH(MAP_TNHN!B36&" (1 tiết)",'PL12'!$S$6)),1,0)+IF(ISNUMBER(SEARCH(MAP_TNHN!B36&" (1 tiết)",'PL12'!$S$7)),1,0)+IF(ISNUMBER(SEARCH(MAP_TNHN!B36&" (1 tiết)",'PL12'!$S$8)),1,0)+IF(ISNUMBER(SEARCH(MAP_TNHN!B36&" (1 tiết)",'PL12'!$S$9)),1,0)+IF(ISNUMBER(SEARCH(MAP_TNHN!B36&" (1 tiết)",'PL12'!$S$10)),1,0)+IF(ISNUMBER(SEARCH(MAP_TNHN!B36&" (1 tiết)",'PL12'!$S$11)),1,0)+IF(ISNUMBER(SEARCH(MAP_TNHN!B36&" (1 tiết)",'PL12'!$S$12)),1,0)+IF(ISNUMBER(SEARCH(MAP_TNHN!B36&" (1 tiết)",'PL12'!$S$13)),1,0)+IF(ISNUMBER(SEARCH(MAP_TNHN!B36&" (1 tiết)",'PL12'!$S$14)),1,0)+IF(ISNUMBER(SEARCH(MAP_TNHN!B36&" (1 tiết)",'PL12'!$S$15)),1,0)+IF(ISNUMBER(SEARCH(MAP_TNHN!B36&" (1 tiết)",'PL12'!$S$16)),1,0)+IF(ISNUMBER(SEARCH(MAP_TNHN!B36&" (1 tiết)",'PL12'!$S$17)),1,0)+IF(ISNUMBER(SEARCH(MAP_TNHN!B36&" (1 tiết)",'PL12'!$S$18)),1,0)+IF(ISNUMBER(SEARCH(MAP_TNHN!B36&" (1 tiết)",'PL12'!$S$19)),1,0))-(IF(ISNUMBER(SEARCH(MAP_TNHN!B36&" (2 tiết)",'PL12'!$S$5)),1,0)+IF(ISNUMBER(SEARCH(MAP_TNHN!B36&" (2 tiết)",'PL12'!$S$6)),1,0)+IF(ISNUMBER(SEARCH(MAP_TNHN!B36&" (2 tiết)",'PL12'!$S$7)),1,0)+IF(ISNUMBER(SEARCH(MAP_TNHN!B36&" (2 tiết)",'PL12'!$S$8)),1,0)+IF(ISNUMBER(SEARCH(MAP_TNHN!B36&" (2 tiết)",'PL12'!$S$9)),1,0)+IF(ISNUMBER(SEARCH(MAP_TNHN!B36&" (2 tiết)",'PL12'!$S$10)),1,0)+IF(ISNUMBER(SEARCH(MAP_TNHN!B36&" (2 tiết)",'PL12'!$S$11)),1,0)+IF(ISNUMBER(SEARCH(MAP_TNHN!B36&" (2 tiết)",'PL12'!$S$12)),1,0)+IF(ISNUMBER(SEARCH(MAP_TNHN!B36&" (2 tiết)",'PL12'!$S$13)),1,0)+IF(ISNUMBER(SEARCH(MAP_TNHN!B36&" (2 tiết)",'PL12'!$S$14)),1,0)+IF(ISNUMBER(SEARCH(MAP_TNHN!B36&" (2 tiết)",'PL12'!$S$15)),1,0)+IF(ISNUMBER(SEARCH(MAP_TNHN!B36&" (2 tiết)",'PL12'!$S$16)),1,0)+IF(ISNUMBER(SEARCH(MAP_TNHN!B36&" (2 tiết)",'PL12'!$S$17)),1,0)+IF(ISNUMBER(SEARCH(MAP_TNHN!B36&" (2 tiết)",'PL12'!$S$18)),1,0)+IF(ISNUMBER(SEARCH(MAP_TNHN!B36&" (2 tiết)",'PL12'!$S$19)),1,0)))) -> 0 | AX35: =IF(N35="",0,IF(MAP_TNHN!C36="",N35*3,N35*3-2*(IF(ISNUMBER(SEARCH(MAP_TNHN!C36&" (1 tiết)",'PL11'!$S$5)),1,0)+IF(ISNUMBER(SEARCH(MAP_TNHN!C36&" (1 tiết)",'PL11'!$S$6)),1,0)+IF(ISNUMBER(SEARCH(MAP_TNHN!C36&" (1 tiết)",'PL11'!$S$7)),1,0)+IF(ISNUMBER(SEARCH(MAP_TNHN!C36&" (1 tiết)",'PL11'!$S$8)),1,0)+IF(ISNUMBER(SEARCH(MAP_TNHN!C36&" (1 tiết)",'PL11'!$S$9)),1,0)+IF(ISNUMBER(SEARCH(MAP_TNHN!C36&" (1 tiết)",'PL11'!$S$10)),1,0)+IF(ISNUMBER(SEARCH(MAP_TNHN!C36&" (1 tiết)",'PL11'!$S$11)),1,0)+IF(ISNUMBER(SEARCH(MAP_TNHN!C36&" (1 tiết)",'PL11'!$S$12)),1,0)+IF(ISNUMBER(SEARCH(MAP_TNHN!C36&" (1 tiết)",'PL11'!$S$13)),1,0)+IF(ISNUMBER(SEARCH(MAP_TNHN!C36&" (1 tiết)",'PL11'!$S$14)),1,0)+IF(ISNUMBER(SEARCH(MAP_TNHN!C36&" (1 tiết)",'PL11'!$S$15)),1,0)+IF(ISNUMBER(SEARCH(MAP_TNHN!C36&" (1 tiết)",'PL11'!$S$16)),1,0)+IF(ISNUMBER(SEARCH(MAP_TNHN!C36&" (1 tiết)",'PL11'!$S$17)),1,0)+IF(ISNUMBER(SEARCH(MAP_TNHN!C36&" (1 tiết)",'PL11'!$S$18)),1,0))-(IF(ISNUMBER(SEARCH(MAP_TNHN!C36&" (2 tiết)",'PL11'!$S$5)),1,0)+IF(ISNUMBER(SEARCH(MAP_TNHN!C36&" (2 tiết)",'PL11'!$S$6)),1,0)+IF(ISNUMBER(SEARCH(MAP_TNHN!C36&" (2 tiết)",'PL11'!$S$7)),1,0)+IF(ISNUMBER(SEARCH(MAP_TNHN!C36&" (2 tiết)",'PL11'!$S$8)),1,0)+IF(ISNUMBER(SEARCH(MAP_TNHN!C36&" (2 tiết)",'PL11'!$S$9)),1,0)+IF(ISNUMBER(SEARCH(MAP_TNHN!C36&" (2 tiết)",'PL11'!$S$10)),1,0)+IF(ISNUMBER(SEARCH(MAP_TNHN!C36&" (2 tiết)",'PL11'!$S$11)),1,0)+IF(ISNUMBER(SEARCH(MAP_TNHN!C36&" (2 tiết)",'PL11'!$S$12)),1,0)+IF(ISNUMBER(SEARCH(MAP_TNHN!C36&" (2 tiết)",'PL11'!$S$13)),1,0)+IF(ISNUMBER(SEARCH(MAP_TNHN!C36&" (2 tiết)",'PL11'!$S$14)),1,0)+IF(ISNUMBER(SEARCH(MAP_TNHN!C36&" (2 tiết)",'PL11'!$S$15)),1,0)+IF(ISNUMBER(SEARCH(MAP_TNHN!C36&" (2 tiết)",'PL11'!$S$16)),1,0)+IF(ISNUMBER(SEARCH(MAP_TNHN!C36&" (2 tiết)",'PL11'!$S$17)),1,0)+IF(ISNUMBER(SEARCH(MAP_TNHN!C36&" (2 tiết)",'PL11'!$S$18)),1,0)))) -> 0 | AY35: =IF(S35="",0,IF(MAP_TNHN!D36="",S35*3,S35*3-2*(IF(ISNUMBER(SEARCH(MAP_TNHN!D36&" (1 tiết)",'PL10'!$S$5)),1,0)+IF(ISNUMBER(SEARCH(MAP_TNHN!D36&" (1 tiết)",'PL10'!$S$6)),1,0)+IF(ISNUMBER(SEARCH(MAP_TNHN!D36&" (1 tiết)",'PL10'!$S$7)),1,0)+IF(ISNUMBER(SEARCH(MAP_TNHN!D36&" (1 tiết)",'PL10'!$S$8)),1,0)+IF(ISNUMBER(SEARCH(MAP_TNHN!D36&" (1 tiết)",'PL10'!$S$9)),1,0)+IF(ISNUMBER(SEARCH(MAP_TNHN!D36&" (1 tiết)",'PL10'!$S$10)),1,0)+IF(ISNUMBER(SEARCH(MAP_TNHN!D36&" (1 tiết)",'PL10'!$S$11)),1,0)+IF(ISNUMBER(SEARCH(MAP_TNHN!D36&" (1 tiết)",'PL10'!$S$12)),1,0)+IF(ISNUMBER(SEARCH(MAP_TNHN!D36&" (1 tiết)",'PL10'!$S$13)),1,0)+IF(ISNUMBER(SEARCH(MAP_TNHN!D36&" (1 tiết)",'PL10'!$S$14)),1,0)+IF(ISNUMBER(SEARCH(MAP_TNHN!D36&" (1 tiết)",'PL10'!$S$15)),1,0)+IF(ISNUMBER(SEARCH(MAP_TNHN!D36&" (1 tiết)",'PL10'!$S$16)),1,0)+IF(ISNUMBER(SEARCH(MAP_TNHN!D36&" (1 tiết)",'PL10'!$S$17)),1,0)+IF(ISNUMBER(SEARCH(MAP_TNHN!D36&" (1 tiết)",'PL10'!$S$18)),1,0)+IF(ISNUMBER(SEARCH(MAP_TNHN!D36&" (1 tiết)",'PL10'!$S$19)),1,0)+IF(ISNUMBER(SEARCH(MAP_TNHN!D36&" (1 tiết)",'PL10'!$S$20)),1,0)+IF(ISNUMBER(SEARCH(MAP_TNHN!D36&" (1 tiết)",'PL10'!$S$21)),1,0)+IF(ISNUMBER(SEARCH(MAP_TNHN!D36&" (1 tiết)",'PL10'!$S$22)),1,0)+IF(ISNUMBER(SEARCH(MAP_TNHN!D36&" (1 tiết)",'PL10'!$S$23)),1,0)+IF(ISNUMBER(SEARCH(MAP_TNHN!D36&" (1 tiết)",'PL10'!$S$24)),1,0)+IF(ISNUMBER(SEARCH(MAP_TNHN!D36&" (1 tiết)",'PL10'!$S$25)),1,0))-(IF(ISNUMBER(SEARCH(MAP_TNHN!D36&" (2 tiết)",'PL10'!$S$5)),1,0)+IF(ISNUMBER(SEARCH(MAP_TNHN!D36&" (2 tiết)",'PL10'!$S$6)),1,0)+IF(ISNUMBER(SEARCH(MAP_TNHN!D36&" (2 tiết)",'PL10'!$S$7)),1,0)+IF(ISNUMBER(SEARCH(MAP_TNHN!D36&" (2 tiết)",'PL10'!$S$8)),1,0)+IF(ISNUMBER(SEARCH(MAP_TNHN!D36&" (2 tiết)",'PL10'!$S$9)),1,0)+IF(ISNUMBER(SEARCH(MAP_TNHN!D36&" (2 tiết)",'PL10'!$S$10)),1,0)+IF(ISNUMBER(SEARCH(MAP_TNHN!D36&" (2 tiết)",'PL10'!$S$11)),1,0)+IF(ISNUMBER(SEARCH(MAP_TNHN!D36&" (2 tiết)",'PL10'!$S$12)),1,0)+IF(ISNUMBER(SEARCH(MAP_TNHN!D36&" (2 tiết)",'PL10'!$S$13)),1,0)+IF(ISNUMBER(SEARCH(MAP_TNHN!D36&" (2 tiết)",'PL10'!$S$14)),1,0)+IF(ISNUMBER(SEARCH(MAP_TNHN!D36&" (2 tiết)",'PL10'!$S$15)),1,0)+IF(ISNUMBER(SEARCH(MAP_TNHN!D36&" (2 tiết)",'PL10'!$S$16)),1,0)+IF(ISNUMBER(SEARCH(MAP_TNHN!D36&" (2 tiết)",'PL10'!$S$17)),1,0)+IF(ISNUMBER(SEARCH(MAP_TNHN!D36&" (2 tiết)",'PL10'!$S$18)),1,0)+IF(ISNUMBER(SEARCH(MAP_TNHN!D36&" (2 tiết)",'PL10'!$S$19)),1,0)+IF(ISNUMBER(SEARCH(MAP_TNHN!D36&" (2 tiết)",'PL10'!$S$20)),1,0)+IF(ISNUMBER(SEARCH(MAP_TNHN!D36&" (2 tiết)",'PL10'!$S$21)),1,0)+IF(ISNUMBER(SEARCH(MAP_TNHN!D36&" (2 tiết)",'PL10'!$S$22)),1,0)+IF(ISNUMBER(SEARCH(MAP_TNHN!D36&" (2 tiết)",'PL10'!$S$23)),1,0)+IF(ISNUMBER(SEARCH(MAP_TNHN!D36&" (2 tiết)",'PL10'!$S$24)),1,0)+IF(ISNUMBER(SEARCH(MAP_TNHN!D36&" (2 tiết)",'PL10'!$S$25)),1,0)))) -> 0
B36: 6 | C36: NGUYỄN NGỌC TUẤN | K36: 3 | P36: 5 | U36: =E36*'Phân tiết'!$M$9+G36*('Phân tiết'!$M$21/3)+H36*'Phân tiết'!$L$26+AW36+J36*'Phân tiết'!$M$20+K36*'Phân tiết'!$I$9+M36*('Phân tiết'!$I$21/3)+AX36+O36*'Phân tiết'!$I$20+P36*'Phân tiết'!$E$9+R36*('Phân tiết'!$E$21/3)+AY36+T36*'Phân tiết'!$E$20 -> 16 | V36: =F36*4+L36*4+Q36*4 -> 0 | Z36: =SUM(U36:Y36) -> 16 | AA36: =Z36-17 -> -1 | AD36: =AB36*AC36*1.5 -> 0 | AG36: =AE36*AF36*1.5 -> 0 | AJ36: =AH36*AI36 -> 0 | AK36: =AA36*33+AD36+AG36+AJ36 -> -33 | AL36: 1 | AN36: 2 | AP36: 1 | AQ36: 1 | AR36: 1 | AS36: 2 | AT36: 2 | AW36: =IF(I36="",0,IF(MAP_TNHN!B37="",I36*3,I36*3-2*(IF(ISNUMBER(SEARCH(MAP_TNHN!B37&" (1 tiết)",'PL12'!$S$5)),1,0)+IF(ISNUMBER(SEARCH(MAP_TNHN!B37&" (1 tiết)",'PL12'!$S$6)),1,0)+IF(ISNUMBER(SEARCH(MAP_TNHN!B37&" (1 tiết)",'PL12'!$S$7)),1,0)+IF(ISNUMBER(SEARCH(MAP_TNHN!B37&" (1 tiết)",'PL12'!$S$8)),1,0)+IF(ISNUMBER(SEARCH(MAP_TNHN!B37&" (1 tiết)",'PL12'!$S$9)),1,0)+IF(ISNUMBER(SEARCH(MAP_TNHN!B37&" (1 tiết)",'PL12'!$S$10)),1,0)+IF(ISNUMBER(SEARCH(MAP_TNHN!B37&" (1 tiết)",'PL12'!$S$11)),1,0)+IF(ISNUMBER(SEARCH(MAP_TNHN!B37&" (1 tiết)",'PL12'!$S$12)),1,0)+IF(ISNUMBER(SEARCH(MAP_TNHN!B37&" (1 tiết)",'PL12'!$S$13)),1,0)+IF(ISNUMBER(SEARCH(MAP_TNHN!B37&" (1 tiết)",'PL12'!$S$14)),1,0)+IF(ISNUMBER(SEARCH(MAP_TNHN!B37&" (1 tiết)",'PL12'!$S$15)),1,0)+IF(ISNUMBER(SEARCH(MAP_TNHN!B37&" (1 tiết)",'PL12'!$S$16)),1,0)+IF(ISNUMBER(SEARCH(MAP_TNHN!B37&" (1 tiết)",'PL12'!$S$17)),1,0)+IF(ISNUMBER(SEARCH(MAP_TNHN!B37&" (1 tiết)",'PL12'!$S$18)),1,0)+IF(ISNUMBER(SEARCH(MAP_TNHN!B37&" (1 tiết)",'PL12'!$S$19)),1,0))-(IF(ISNUMBER(SEARCH(MAP_TNHN!B37&" (2 tiết)",'PL12'!$S$5)),1,0)+IF(ISNUMBER(SEARCH(MAP_TNHN!B37&" (2 tiết)",'PL12'!$S$6)),1,0)+IF(ISNUMBER(SEARCH(MAP_TNHN!B37&" (2 tiết)",'PL12'!$S$7)),1,0)+IF(ISNUMBER(SEARCH(MAP_TNHN!B37&" (2 tiết)",'PL12'!$S$8)),1,0)+IF(ISNUMBER(SEARCH(MAP_TNHN!B37&" (2 tiết)",'PL12'!$S$9)),1,0)+IF(ISNUMBER(SEARCH(MAP_TNHN!B37&" (2 tiết)",'PL12'!$S$10)),1,0)+IF(ISNUMBER(SEARCH(MAP_TNHN!B37&" (2 tiết)",'PL12'!$S$11)),1,0)+IF(ISNUMBER(SEARCH(MAP_TNHN!B37&" (2 tiết)",'PL12'!$S$12)),1,0)+IF(ISNUMBER(SEARCH(MAP_TNHN!B37&" (2 tiết)",'PL12'!$S$13)),1,0)+IF(ISNUMBER(SEARCH(MAP_TNHN!B37&" (2 tiết)",'PL12'!$S$14)),1,0)+IF(ISNUMBER(SEARCH(MAP_TNHN!B37&" (2 tiết)",'PL12'!$S$15)),1,0)+IF(ISNUMBER(SEARCH(MAP_TNHN!B37&" (2 tiết)",'PL12'!$S$16)),1,0)+IF(ISNUMBER(SEARCH(MAP_TNHN!B37&" (2 tiết)",'PL12'!$S$17)),1,0)+IF(ISNUMBER(SEARCH(MAP_TNHN!B37&" (2 tiết)",'PL12'!$S$18)),1,0)+IF(ISNUMBER(SEARCH(MAP_TNHN!B37&" (2 tiết)",'PL12'!$S$19)),1,0)))) -> 0 | AX36: =IF(N36="",0,IF(MAP_TNHN!C37="",N36*3,N36*3-2*(IF(ISNUMBER(SEARCH(MAP_TNHN!C37&" (1 tiết)",'PL11'!$S$5)),1,0)+IF(ISNUMBER(SEARCH(MAP_TNHN!C37&" (1 tiết)",'PL11'!$S$6)),1,0)+IF(ISNUMBER(SEARCH(MAP_TNHN!C37&" (1 tiết)",'PL11'!$S$7)),1,0)+IF(ISNUMBER(SEARCH(MAP_TNHN!C37&" (1 tiết)",'PL11'!$S$8)),1,0)+IF(ISNUMBER(SEARCH(MAP_TNHN!C37&" (1 tiết)",'PL11'!$S$9)),1,0)+IF(ISNUMBER(SEARCH(MAP_TNHN!C37&" (1 tiết)",'PL11'!$S$10)),1,0)+IF(ISNUMBER(SEARCH(MAP_TNHN!C37&" (1 tiết)",'PL11'!$S$11)),1,0)+IF(ISNUMBER(SEARCH(MAP_TNHN!C37&" (1 tiết)",'PL11'!$S$12)),1,0)+IF(ISNUMBER(SEARCH(MAP_TNHN!C37&" (1 tiết)",'PL11'!$S$13)),1,0)+IF(ISNUMBER(SEARCH(MAP_TNHN!C37&" (1 tiết)",'PL11'!$S$14)),1,0)+IF(ISNUMBER(SEARCH(MAP_TNHN!C37&" (1 tiết)",'PL11'!$S$15)),1,0)+IF(ISNUMBER(SEARCH(MAP_TNHN!C37&" (1 tiết)",'PL11'!$S$16)),1,0)+IF(ISNUMBER(SEARCH(MAP_TNHN!C37&" (1 tiết)",'PL11'!$S$17)),1,0)+IF(ISNUMBER(SEARCH(MAP_TNHN!C37&" (1 tiết)",'PL11'!$S$18)),1,0))-(IF(ISNUMBER(SEARCH(MAP_TNHN!C37&" (2 tiết)",'PL11'!$S$5)),1,0)+IF(ISNUMBER(SEARCH(MAP_TNHN!C37&" (2 tiết)",'PL11'!$S$6)),1,0)+IF(ISNUMBER(SEARCH(MAP_TNHN!C37&" (2 tiết)",'PL11'!$S$7)),1,0)+IF(ISNUMBER(SEARCH(MAP_TNHN!C37&" (2 tiết)",'PL11'!$S$8)),1,0)+IF(ISNUMBER(SEARCH(MAP_TNHN!C37&" (2 tiết)",'PL11'!$S$9)),1,0)+IF(ISNUMBER(SEARCH(MAP_TNHN!C37&" (2 tiết)",'PL11'!$S$10)),1,0)+IF(ISNUMBER(SEARCH(MAP_TNHN!C37&" (2 tiết)",'PL11'!$S$11)),1,0)+IF(ISNUMBER(SEARCH(MAP_TNHN!C37&" (2 tiết)",'PL11'!$S$12)),1,0)+IF(ISNUMBER(SEARCH(MAP_TNHN!C37&" (2 tiết)",'PL11'!$S$13)),1,0)+IF(ISNUMBER(SEARCH(MAP_TNHN!C37&" (2 tiết)",'PL11'!$S$14)),1,0)+IF(ISNUMBER(SEARCH(MAP_TNHN!C37&" (2 tiết)",'PL11'!$S$15)),1,0)+IF(ISNUMBER(SEARCH(MAP_TNHN!C37&" (2 tiết)",'PL11'!$S$16)),1,0)+IF(ISNUMBER(SEARCH(MAP_TNHN!C37&" (2 tiết)",'PL11'!$S$17)),1,0)+IF(ISNUMBER(SEARCH(MAP_TNHN!C37&" (2 tiết)",'PL11'!$S$18)),1,0)))) -> 0 | AY36: =IF(S36="",0,IF(MAP_TNHN!D37="",S36*3,S36*3-2*(IF(ISNUMBER(SEARCH(MAP_TNHN!D37&" (1 tiết)",'PL10'!$S$5)),1,0)+IF(ISNUMBER(SEARCH(MAP_TNHN!D37&" (1 tiết)",'PL10'!$S$6)),1,0)+IF(ISNUMBER(SEARCH(MAP_TNHN!D37&" (1 tiết)",'PL10'!$S$7)),1,0)+IF(ISNUMBER(SEARCH(MAP_TNHN!D37&" (1 tiết)",'PL10'!$S$8)),1,0)+IF(ISNUMBER(SEARCH(MAP_TNHN!D37&" (1 tiết)",'PL10'!$S$9)),1,0)+IF(ISNUMBER(SEARCH(MAP_TNHN!D37&" (1 tiết)",'PL10'!$S$10)),1,0)+IF(ISNUMBER(SEARCH(MAP_TNHN!D37&" (1 tiết)",'PL10'!$S$11)),1,0)+IF(ISNUMBER(SEARCH(MAP_TNHN!D37&" (1 tiết)",'PL10'!$S$12)),1,0)+IF(ISNUMBER(SEARCH(MAP_TNHN!D37&" (1 tiết)",'PL10'!$S$13)),1,0)+IF(ISNUMBER(SEARCH(MAP_TNHN!D37&" (1 tiết)",'PL10'!$S$14)),1,0)+IF(ISNUMBER(SEARCH(MAP_TNHN!D37&" (1 tiết)",'PL10'!$S$15)),1,0)+IF(ISNUMBER(SEARCH(MAP_TNHN!D37&" (1 tiết)",'PL10'!$S$16)),1,0)+IF(ISNUMBER(SEARCH(MAP_TNHN!D37&" (1 tiết)",'PL10'!$S$17)),1,0)+IF(ISNUMBER(SEARCH(MAP_TNHN!D37&" (1 tiết)",'PL10'!$S$18)),1,0)+IF(ISNUMBER(SEARCH(MAP_TNHN!D37&" (1 tiết)",'PL10'!$S$19)),1,0)+IF(ISNUMBER(SEARCH(MAP_TNHN!D37&" (1 tiết)",'PL10'!$S$20)),1,0)+IF(ISNUMBER(SEARCH(MAP_TNHN!D37&" (1 tiết)",'PL10'!$S$21)),1,0)+IF(ISNUMBER(SEARCH(MAP_TNHN!D37&" (1 tiết)",'PL10'!$S$22)),1,0)+IF(ISNUMBER(SEARCH(MAP_TNHN!D37&" (1 tiết)",'PL10'!$S$23)),1,0)+IF(ISNUMBER(SEARCH(MAP_TNHN!D37&" (1 tiết)",'PL10'!$S$24)),1,0)+IF(ISNUMBER(SEARCH(MAP_TNHN!D37&" (1 tiết)",'PL10'!$S$25)),1,0))-(IF(ISNUMBER(SEARCH(MAP_TNHN!D37&" (2 tiết)",'PL10'!$S$5)),1,0)+IF(ISNUMBER(SEARCH(MAP_TNHN!D37&" (2 tiết)",'PL10'!$S$6)),1,0)+IF(ISNUMBER(SEARCH(MAP_TNHN!D37&" (2 tiết)",'PL10'!$S$7)),1,0)+IF(ISNUMBER(SEARCH(MAP_TNHN!D37&" (2 tiết)",'PL10'!$S$8)),1,0)+IF(ISNUMBER(SEARCH(MAP_TNHN!D37&" (2 tiết)",'PL10'!$S$9)),1,0)+IF(ISNUMBER(SEARCH(MAP_TNHN!D37&" (2 tiết)",'PL10'!$S$10)),1,0)+IF(ISNUMBER(SEARCH(MAP_TNHN!D37&" (2 tiết)",'PL10'!$S$11)),1,0)+IF(ISNUMBER(SEARCH(MAP_TNHN!D37&" (2 tiết)",'PL10'!$S$12)),1,0)+IF(ISNUMBER(SEARCH(MAP_TNHN!D37&" (2 tiết)",'PL10'!$S$13)),1,0)+IF(ISNUMBER(SEARCH(MAP_TNHN!D37&" (2 tiết)",'PL10'!$S$14)),1,0)+IF(ISNUMBER(SEARCH(MAP_TNHN!D37&" (2 tiết)",'PL10'!$S$15)),1,0)+IF(ISNUMBER(SEARCH(MAP_TNHN!D37&" (2 tiết)",'PL10'!$S$16)),1,0)+IF(ISNUMBER(SEARCH(MAP_TNHN!D37&" (2 tiết)",'PL10'!$S$17)),1,0)+IF(ISNUMBER(SEARCH(MAP_TNHN!D37&" (2 tiết)",'PL10'!$S$18)),1,0)+IF(ISNUMBER(SEARCH(MAP_TNHN!D37&" (2 tiết)",'PL10'!$S$19)),1,0)+IF(ISNUMBER(SEARCH(MAP_TNHN!D37&" (2 tiết)",'PL10'!$S$20)),1,0)+IF(ISNUMBER(SEARCH(MAP_TNHN!D37&" (2 tiết)",'PL10'!$S$21)),1,0)+IF(ISNUMBER(SEARCH(MAP_TNHN!D37&" (2 tiết)",'PL10'!$S$22)),1,0)+IF(ISNUMBER(SEARCH(MAP_TNHN!D37&" (2 tiết)",'PL10'!$S$23)),1,0)+IF(ISNUMBER(SEARCH(MAP_TNHN!D37&" (2 tiết)",'PL10'!$S$24)),1,0)+IF(ISNUMBER(SEARCH(MAP_TNHN!D37&" (2 tiết)",'PL10'!$S$25)),1,0)))) -> 0
C37: Số lớp | E37: =SUM(E31:E36) -> 16 | G37: =SUM(G31:G36) -> 0 | K37: =SUM(K31:K36) -> 14 | M37: =SUM(M31:M36) -> 0 | P37: =SUM(P31:P36) -> 20 | R37: =SUM(R31:R36) -> 0 | AD37: =AB37*AC37*1.5 -> 0 | AG37: =AE37*AF37*1.5 -> 0 | AK37: =AA37*33+AD37+AG37+AJ37 -> 0
